SEXO,DT_NASCIMENTO,FORMA_INGRESSO,FORMA_EVASAO,NUM_VERSAO,PERIODO_INGRESSO,DT_EVASAO,PERIODO_EVASAO,CRA,BAIRRO,CIDADE,ESTADO,PERIODO_EVASAO_FORMATADO,ANO_PERIODO_EVASAO,PERIODO_INGRESSO_FORMATADO,ANO_PERIODO_INGRESSO,IDADE_INGRESSO,FORMA_INGRESSO_SIMPLES,STATUS_EVASAO,CRA_ARREDONDADO,TEMPO_CURSO,DISTANCIA_URCA
F,,SISU Escola Publica - Indep. de Renda,Sem evasão,2008/1,2.0,,,9.1538,copacabana,RIO DE JANEIRO,Rio de Janeiro,,,2020.2,2020.0,,Cotas,Cursando,9.0,,2.59
M,2000-01-11,SISU Escola Publica - Indep. de Renda,Sem evasão,2008/1,1.0,,,6.647,tijuca,RIO DE JANEIRO,Rio de Janeiro,,,2022.1,2022.0,21.0,Cotas,Cursando,6.5,,7.39
M,,SISU Ampla Concorrencia,Sem evasão,2008/1,1.0,,,5.4223,pechincha,RIO DE JANEIRO,Rio de Janeiro,,,2021.1,2021.0,,Ampla Concorrência,Cursando,5.5,,19.22
M,,SISU Ampla Concorrencia,ABA - Abandono do curso,2008/1,1.0,2019-05-20,1.0,6.4885,vila itamarati,DUQUE DE CAXIAS,Rio de Janeiro,2019.1,2019.0,2014.1,2014.0,,Ampla Concorrência,Evasão,6.5,,
M,,SISU Ampla Concorrencia,Sem evasão,2008/1,1.0,,,4.5939,copacabana,RIO DE JANEIRO,Rio de Janeiro,,,2016.1,2016.0,,Ampla Concorrência,Cursando,4.5,,2.59
M,,SISU Ampla Concorrencia,ABA - Abandono do curso,2008/1,2.0,2018-05-14,1.0,0.5,tijuca,RIO DE JANEIRO,Rio de Janeiro,2018.1,2018.0,2017.2,2017.0,,Ampla Concorrência,Evasão,0.5,,7.39
M,,SISU Ampla Concorrencia,JUB - Jubilamento,2008/1,1.0,2017-06-26,1.0,0.0166,pavuna,RIO DE JANEIRO,Rio de Janeiro,2017.1,2017.0,2014.1,2014.0,,Ampla Concorrência,Evasão,0.0,,25.14
M,,SISU Escola Publica - Indep. de Renda,Sem evasão,2008/1,2.0,,,6.7281,freguesia,RIO DE JANEIRO,Rio de Janeiro,,,2017.2,2017.0,,Cotas,Cursando,6.5,,17.93
M,1998-07-11,SISU Escola Publica - Indep. de Renda,Sem evasão,2008/1,1.0,,,8.5171,engenho da rainha,RIO DE JANEIRO,Rio de Janeiro,,,2018.1,2018.0,19.0,Cotas,Cursando,8.5,,16.4
M,,SISU Ampla Concorrencia,Sem evasão,2008/1,1.0,,,4.5625,curicica,RIO DE JANEIRO,Rio de Janeiro,,,2015.1,2015.0,,Ampla Concorrência,Cursando,4.5,,22.49
F,1997-09-08,SISU Escola Publica - Indep. de Renda,Sem evasão,2008/1,2.0,,,8.963,vila guanabara,DUQUE DE CAXIAS,Rio de Janeiro,,,2019.2,2019.0,21.0,Cotas,Cursando,9.0,,
F,1995-03-08,SISU Ampla Concorrencia,CAN - Cancelamento Geral do curso,2008/1,2.0,2017-08-29,2.0,4.106,tijuca,RIO DE JANEIRO,Rio de Janeiro,2017.2,2017.0,2014.2,2014.0,19.0,Ampla Concorrência,Evasão,4.0,,7.39
F,1977-07-03,SISU Ampla Concorrencia,ABA - Abandono do curso,2008/1,2.0,2018-05-14,1.0,0.0,botafogo,RIO DE JANEIRO,Rio de Janeiro,2018.1,2018.0,2017.2,2017.0,39.0,Ampla Concorrência,Evasão,0.0,,1.37
F,1980-03-04,SISU Escola Publica - Indep. de Renda,Sem evasão,2008/1,2.0,,,6.5359,flamengo,RIO DE JANEIRO,Rio de Janeiro,,,2019.2,2019.0,39.0,Cotas,Cursando,6.5,,2.33
F,,"SISU Escola Pública até 1,5 S.M Índio",Sem evasão,2008/1,2.0,,,5.8068,anchieta,RIO DE JANEIRO,Rio de Janeiro,,,2020.2,2020.0,,Cotas,Cursando,6.0,,27.79
M,,"SISU Escola Pública até 1,5 S.M Índio",CON - Curso concluído,2008/1,2.0,2022-04-12,1.0,6.7499,barreto,NITEROI,Rio de Janeiro,2021.1,2021.0,2015.2,2015.0,,Cotas,Concluído,6.5,0.0,12.06
M,1987-09-05,SISU Ampla Concorrencia,ABA - Abandono do curso,2008/1,1.0,2018-05-14,1.0,0.0,vila isabel,RIO DE JANEIRO,Rio de Janeiro,2018.1,2018.0,2015.1,2015.0,27.0,Ampla Concorrência,Evasão,0.0,,9.45
M,,SISU Ampla Concorrencia,ABA - Abandono do curso,2008/1,2.0,2019-05-20,1.0,2.7637,andarai,RIO DE JANEIRO,Rio de Janeiro,2019.1,2019.0,2016.2,2016.0,,Ampla Concorrência,Evasão,3.0,,9.2
M,1999-08-01,SISU Escola Publica - Indep. de Renda,Sem evasão,2008/1,1.0,,,7.0833,andarai,RIO DE JANEIRO,Rio de Janeiro,,,2019.1,2019.0,19.0,Cotas,Cursando,7.0,,9.2
M,1994-06-10,SISU Escola Publica - Indep. de Renda,CAN - Cancelamento Geral do curso,2008/1,2.0,2021-07-21,1.0,5.8676,praca da ponte,MIGUEL PEREIRA,Rio de Janeiro,2021.1,2021.0,2017.2,2017.0,23.0,Cotas,Evasão,6.0,,
M,,SISU Ampla Concorrencia,Sem evasão,2008/1,1.0,,,6.2153,bonsucesso,RIO DE JANEIRO,Rio de Janeiro,,,2018.1,2018.0,,Ampla Concorrência,Cursando,6.0,,13.11
F,1996-07-03,SISU Ampla Concorrencia,CAN - Cancelamento Geral do curso,2008/1,1.0,2020-02-17,1.0,3.4394,copacabana,RIO DE JANEIRO,Rio de Janeiro,2020.1,2020.0,2014.1,2014.0,17.0,Ampla Concorrência,Evasão,3.5,,2.59
M,,SISU Ampla Concorrencia,ABA - Abandono do curso,2008/1,2.0,2019-10-21,2.0,7.9567,centro,DUQUE DE CAXIAS,Rio de Janeiro,2019.2,2019.0,2015.2,2015.0,,Ampla Concorrência,Evasão,8.0,,23.57
F,1995-05-01,SISU Ampla Concorrencia,Sem evasão,2008/1,1.0,,,7.5869,rocha miranda,RIO DE JANEIRO,Rio de Janeiro,,,2018.1,2018.0,22.0,Ampla Concorrência,Cursando,7.5,,21.6
M,,"SISU Escola Pública até 1,5 S.M Preto e Pardo",ABA - Abandono do curso,2008/1,1.0,2018-10-18,2.0,3.6369,copacabana,RIO DE JANEIRO,Rio de Janeiro,2018.2,2018.0,2015.1,2015.0,,Cotas,Evasão,3.5,,2.59
M,,SISU Ampla Concorrencia,Sem evasão,2008/1,1.0,,,8.4618,copacabana,RIO DE JANEIRO,Rio de Janeiro,,,2019.1,2019.0,,Ampla Concorrência,Cursando,8.5,,2.59
M,,SISU Ampla Concorrencia,Sem evasão,2008/1,2.0,,,5.4151,botafogo,RIO DE JANEIRO,Rio de Janeiro,,,2018.2,2018.0,,Ampla Concorrência,Cursando,5.5,,1.37
M,,SISU Ampla Concorrencia,Sem evasão,2008/1,2.0,,,5.4636,barra da tijuca,RIO DE JANEIRO,Rio de Janeiro,,,2022.2,2022.0,,Ampla Concorrência,Cursando,5.5,,20.93
M,2001-12-11,SISU Escola Publica - Indep. de Renda,Sem evasão,2008/1,2.0,,,8.1179,campo grande,RIO DE JANEIRO,Rio de Janeiro,,,2020.2,2020.0,18.0,Cotas,Cursando,8.0,,40.52
F,,SISU Escola Publica - Indep. de Renda,Sem evasão,2008/1,2.0,,,8.1333,praca seca,RIO DE JANEIRO,Rio de Janeiro,,,2018.2,2018.0,,Cotas,Cursando,8.0,,19.91
M,,SISU Ampla Concorrencia,Sem evasão,2008/1,2.0,,,7.5134,meier,RIO DE JANEIRO,Rio de Janeiro,,,2019.2,2019.0,,Ampla Concorrência,Cursando,7.5,,12.84
M,,SISU Ampla Concorrencia,Sem evasão,2008/1,1.0,,,7.8078,silveira,BELO HORIZONTE,Minas Gerais,,,2017.1,2017.0,,Ampla Concorrência,Cursando,8.0,,348.14
M,,SISU Ampla Concorrencia,Sem evasão,2008/1,1.0,,,7.5176,meier,RIO DE JANEIRO,Rio de Janeiro,,,2022.1,2022.0,,Ampla Concorrência,Cursando,7.5,,12.84
M,,SISU Ampla Concorrencia,ABA - Abandono do curso,2008/1,1.0,2019-10-21,2.0,0.0,tijuca,RIO DE JANEIRO,Rio de Janeiro,2019.2,2019.0,2017.1,2017.0,,Ampla Concorrência,Evasão,0.0,,7.39
F,,SISU Ampla Concorrencia,CON - Curso concluído,2008/1,1.0,2022-03-25,1.0,7.786,lins de vasconcelos,RIO DE JANEIRO,Rio de Janeiro,2021.1,2021.0,2017.1,2017.0,,Ampla Concorrência,Concluído,8.0,0.0,12.73
F,1998-02-02,SISU Ampla Concorrencia,CON - Curso concluído,2008/1,2.0,2022-04-11,1.0,8.5705,jacarepagua,RIO DE JANEIRO,Rio de Janeiro,2022.1,2022.0,2016.2,2016.0,18.0,Ampla Concorrência,Concluído,8.5,0.0,20.9
F,,SISU Ampla Concorrencia,Sem evasão,2008/1,1.0,,,6.609,cachambi,RIO DE JANEIRO,Rio de Janeiro,,,2017.1,2017.0,,Ampla Concorrência,Cursando,6.5,,13.03
F,2000-11-03,SISU Ampla Concorrencia,Sem evasão,2008/1,1.0,,,8.5653,centro,CANTAGALO,Minas Gerais,,,2021.1,2021.0,20.0,Ampla Concorrência,Cursando,8.5,,23.57
M,,SISU Ampla Concorrencia,Sem evasão,2008/1,2.0,,,8.4132,botafogo,RIO DE JANEIRO,Rio de Janeiro,,,2019.2,2019.0,,Ampla Concorrência,Cursando,8.5,,1.37
M,,SISU Ampla Concorrencia,CON - Curso concluído,2008/1,2.0,2018-09-17,1.0,8.1653,copacabana,RIO DE JANEIRO,Rio de Janeiro,2018.1,2018.0,2014.2,2014.0,,Ampla Concorrência,Concluído,8.0,0.0,2.59
M,2003-03-07,"SISU Escola Pública até 1,5 S.M Preto e Pardo",Sem evasão,2008/1,2.0,,,5.6863,itapeba,MARICA,Rio de Janeiro,,,2022.2,2022.0,19.0,Cotas,Cursando,5.5,,33.66
F,,SISU Ampla Concorrencia,CON - Curso concluído,2008/1,1.0,2018-03-23,2.0,8.9272,sao conrado,RIO DE JANEIRO,Rio de Janeiro,2017.2,2017.0,2014.1,2014.0,,Ampla Concorrência,Concluído,9.0,0.0,11.01
M,,SISU Ampla Concorrencia,Sem evasão,2008/1,1.0,,,6.8457,joao pinheiro,BELO HORIZONTE,Minas Gerais,,,2019.1,2019.0,,Ampla Concorrência,Cursando,7.0,,345.83
M,1998-03-01,SISU Ampla Concorrencia,Sem evasão,2008/1,1.0,,,6.1932,flamengo,RIO DE JANEIRO,Rio de Janeiro,,,2017.1,2017.0,18.0,Ampla Concorrência,Cursando,6.0,,2.33
M,1997-05-06,SISU Ampla Concorrencia,Sem evasão,2008/1,2.0,,,6.515,rocha miranda,RIO DE JANEIRO,Rio de Janeiro,,,2017.2,2017.0,20.0,Ampla Concorrência,Cursando,6.5,,21.6
M,,SISU Ampla Concorrencia,Sem evasão,2008/1,2.0,,,7.3039,penha,RIO DE JANEIRO,Rio de Janeiro,,,2021.2,2021.0,,Ampla Concorrência,Cursando,7.5,,16.99
M,,SISU Ampla Concorrencia,Sem evasão,2008/1,1.0,,,7.6182,rocha,RIO DE JANEIRO,Rio de Janeiro,,,2021.1,2021.0,,Ampla Concorrência,Cursando,7.5,,10.26
M,,SISU Ampla Concorrencia,Sem evasão,2008/1,1.0,,,8.0667,barra da tijuca,RIO DE JANEIRO,Rio de Janeiro,,,2021.1,2021.0,,Ampla Concorrência,Cursando,8.0,,20.93
M,,SISU Ampla Concorrencia,Sem evasão,2008/1,1.0,,,7.9234,jardim campomar,RIO DAS OSTRAS,Rio de Janeiro,,,2020.1,2020.0,,Ampla Concorrência,Cursando,8.0,,131.32
M,,SISU Ampla Concorrencia,CON - Curso concluído,2008/1,1.0,2022-06-23,2.0,7.047,meier,RIO DE JANEIRO,Rio de Janeiro,2021.2,2021.0,2016.1,2016.0,,Ampla Concorrência,Concluído,7.0,0.0,12.84
M,1998-05-01,SISU Ampla Concorrencia,Sem evasão,2008/1,1.0,,,7.1632,tijuca,RIO DE JANEIRO,Rio de Janeiro,,,2018.1,2018.0,19.0,Ampla Concorrência,Cursando,7.0,,7.39
F,2003-07-04,SISU Ampla Concorrencia,Sem evasão,2008/1,1.0,,,6.5605,tijuca,RIO DE JANEIRO,Rio de Janeiro,,,2021.1,2021.0,17.0,Ampla Concorrência,Cursando,6.5,,7.39
M,,"SISU Escola Pública até 1,5 S.M Preto e Pardo",Sem evasão,2008/1,1.0,,,4.4554,grajau,RIO DE JANEIRO,Rio de Janeiro,,,2016.1,2016.0,,Cotas,Cursando,4.5,,10.5
M,1999-02-03,SISU Ampla Concorrencia,Sem evasão,2008/1,2.0,,,5.2264,humaita,RIO DE JANEIRO,Rio de Janeiro,,,2017.2,2017.0,18.0,Ampla Concorrência,Cursando,5.0,,3.33
M,,SISU Ampla Concorrencia,CAN - Cancelamento Geral do curso,2008/1,2.0,2022-11-29,2.0,5.3192,iraja,RIO DE JANEIRO,Rio de Janeiro,2022.2,2022.0,2014.2,2014.0,,Ampla Concorrência,Evasão,5.5,,20.68
M,,SISU Ampla Concorrencia,Sem evasão,2008/1,1.0,,,8.7797,recreio dos bandeirantes,RIO DE JANEIRO,Rio de Janeiro,,,2020.1,2020.0,,Ampla Concorrência,Cursando,9.0,,31.12
M,1980-01-01,SISU Escola Publica - Indep. de Renda,Sem evasão,2008/1,1.0,,,6.2011,flamengo,RIO DE JANEIRO,Rio de Janeiro,,,2014.1,2014.0,34.0,Cotas,Cursando,6.0,,2.33
M,1988-01-07,SISU Ampla Concorrencia,Sem evasão,2008/1,1.0,,,7.6357,laranjeiras,RIO DE JANEIRO,Rio de Janeiro,,,2017.1,2017.0,28.0,Ampla Concorrência,Cursando,7.5,,2.99
M,1963-01-10,SISU Ampla Concorrencia,Sem evasão,2008/1,2.0,,,2.6041,copacabana,RIO DE JANEIRO,Rio de Janeiro,,,2018.2,2018.0,55.0,Ampla Concorrência,Cursando,2.5,,2.59
M,,"SISU Escola Pública até 1,5 S.M Preto e Pardo",Sem evasão,2008/1,1.0,,,6.982,bancarios,RIO DE JANEIRO,Rio de Janeiro,,,2016.1,2016.0,,Cotas,Cursando,7.0,,18.02
M,,"SISU Escola Pública até 1,5 S.M Preto e Pardo",Sem evasão,2008/1,1.0,,,6.982,ilha do governador,RIO DE JANEIRO,Rio de Janeiro,,,2016.1,2016.0,,Cotas,Cursando,7.0,,17.37
M,2003-04-07,SISU Ampla Concorrencia,Sem evasão,2008/1,2.0,,,4.71,barra da tijuca,RIO DE JANEIRO,Rio de Janeiro,,,2021.2,2021.0,18.0,Ampla Concorrência,Cursando,4.5,,20.93
M,,SISU Ampla Concorrencia,Sem evasão,2008/1,2.0,,,7.8425,botafogo,RIO DE JANEIRO,Rio de Janeiro,,,2016.2,2016.0,,Ampla Concorrência,Cursando,8.0,,1.37
M,1998-04-11,SISU Ampla Concorrencia,CAN - Cancelamento Geral do curso,2008/1,1.0,2019-02-18,1.0,7.8066,andarai,RIO DE JANEIRO,Rio de Janeiro,2019.1,2019.0,2016.1,2016.0,17.0,Ampla Concorrência,Evasão,8.0,,9.2
M,,SISU Ampla Concorrencia,Sem evasão,2008/1,2.0,,,7.8973,jacarepagua,RIO DE JANEIRO,Rio de Janeiro,,,2018.2,2018.0,,Ampla Concorrência,Cursando,8.0,,20.9
M,1980-03-06,SISU Ampla Concorrencia,ABA - Abandono do curso,2008/1,1.0,2018-10-18,2.0,8.1923,copacabana,RIO DE JANEIRO,Rio de Janeiro,2018.2,2018.0,2015.1,2015.0,34.0,Ampla Concorrência,Evasão,8.0,,2.59
M,1967-12-02,SISU Escola Publica - Indep. de Renda,Sem evasão,2008/1,2.0,,,0.23,botafogo,RIO DE JANEIRO,Rio de Janeiro,,,2021.2,2021.0,53.0,Cotas,Cursando,0.0,,1.37
M,,"SISU Escola Pública até 1,5 S.M Preto e Pardo",Sem evasão,2008/1,2.0,,,2.22,coelho neto,RIO DE JANEIRO,Rio de Janeiro,,,2016.2,2016.0,,Cotas,Cursando,2.0,,23.06
M,1992-01-10,SISU Ampla Concorrencia,Sem evasão,2008/1,1.0,,,4.5448,flamengo,RIO DE JANEIRO,Rio de Janeiro,,,2015.1,2015.0,22.0,Ampla Concorrência,Cursando,4.5,,2.33
F,,SISU Ampla Concorrencia,CON - Curso concluído,2008/1,1.0,2020-10-22,2.0,6.8042,recreio dos bandeirantes,RIO DE JANEIRO,Rio de Janeiro,2019.2,2019.0,2014.1,2014.0,,Ampla Concorrência,Concluído,7.0,0.0,31.12
F,1996-12-11,SISU Escola Publica - Indep. de Renda,Sem evasão,2008/1,2.0,,,0.1818,tijuca,RIO DE JANEIRO,Rio de Janeiro,,,2022.2,2022.0,25.0,Cotas,Cursando,0.0,,7.39
M,1995-11-07,"SISU Escola Pública até 1,5 S.M Preto e Pardo",Sem evasão,2008/1,1.0,,,5.7986,vila da penha,RIO DE JANEIRO,Rio de Janeiro,,,2015.1,2015.0,19.0,Cotas,Cursando,6.0,,19.04
M,,SISU Ampla Concorrencia,Sem evasão,2008/1,2.0,,,7.3937,botafogo,RIO DE JANEIRO,Rio de Janeiro,,,2018.2,2018.0,,Ampla Concorrência,Cursando,7.5,,1.37
M,2003-09-06,SISU Escola Publica - Indep. de Renda,Sem evasão,2008/1,2.0,,,8.9591,senador vasconcelos,RIO DE JANEIRO,Rio de Janeiro,,,2021.2,2021.0,17.0,Cotas,Cursando,9.0,,37.59
M,1991-04-02,SISU Escola Publica - Indep. de Renda,CAN - Cancelamento Geral do curso,2008/1,2.0,2015-10-22,2.0,0.0,rio comprido,RIO DE JANEIRO,Rio de Janeiro,2015.2,2015.0,2014.2,2014.0,23.0,Cotas,Evasão,0.0,,5.09
M,,SISU Ampla Concorrencia,JUB - Jubilamento,2008/1,2.0,2016-06-24,1.0,0.0,colegio,RIO DE JANEIRO,Rio de Janeiro,2016.1,2016.0,2015.2,2015.0,,Ampla Concorrência,Evasão,0.0,,21.37
M,1996-12-05,"SISU Escola Pública até 1,5 S.M Preto e Pardo",Sem evasão,2008/1,1.0,,,7.8774,inhoaiba,RIO DE JANEIRO,Rio de Janeiro,,,2019.1,2019.0,22.0,Cotas,Cursando,8.0,,43.86
F,,SISU Ampla Concorrencia,CAN - Cancelamento Geral do curso,2008/1,1.0,2021-11-22,2.0,1.3818,bento ferreira,VITORIA,Espírito Santo,2021.2,2021.0,2021.1,2021.0,,Ampla Concorrência,Evasão,1.5,,416.01
F,2002-12-06,SISU Escola Publica - Indep. de Renda,Sem evasão,2008/1,2.0,,,8.1517,urca,RIO DE JANEIRO,Rio de Janeiro,,,2020.2,2020.0,17.0,Cotas,Cursando,8.0,,0.0
M,,SISU Ampla Concorrencia,Sem evasão,2008/1,2.0,,,0.0,andarai,RIO DE JANEIRO,Rio de Janeiro,,,2022.2,2022.0,,Ampla Concorrência,Cursando,0.0,,9.2
F,,SISU Ampla Concorrencia,Sem evasão,2008/1,1.0,,,2.27,queimados,QUEIMADOS,Rio de Janeiro,,,2020.1,2020.0,,Ampla Concorrência,Cursando,2.5,,47.75
M,,SISU Escola Publica - Indep. de Renda,CON - Curso concluído,2008/1,1.0,2022-11-09,2.0,8.4564,tijuca,RIO DE JANEIRO,Rio de Janeiro,2022.2,2022.0,2017.1,2017.0,,Cotas,Concluído,8.5,0.0,7.39
M,,SISU Escola Publica - Indep. de Renda,CAN - Cancelamento Geral do curso,2008/1,2.0,2017-03-15,1.0,2.0461,tijuca,RIO DE JANEIRO,Rio de Janeiro,2017.1,2017.0,2016.2,2016.0,,Cotas,Evasão,2.0,,7.39
M,,SISU Ampla Concorrencia,CAN - Cancelamento Geral do curso,2008/1,2.0,2019-09-23,2.0,6.5238,engenho de dentro,RIO DE JANEIRO,Rio de Janeiro,2019.2,2019.0,2017.2,2017.0,,Ampla Concorrência,Evasão,6.5,,14.39
M,,SISU Ampla Concorrencia,CON - Curso concluído,2008/1,2.0,2022-06-23,2.0,8.3719,vila isabel,RIO DE JANEIRO,Rio de Janeiro,2021.2,2021.0,2018.2,2018.0,,Ampla Concorrência,Concluído,8.5,0.0,9.45
M,,SISU Ampla Concorrencia,Sem evasão,2008/1,2.0,,,6.7287,engenho novo,RIO DE JANEIRO,Rio de Janeiro,,,2016.2,2016.0,,Ampla Concorrência,Cursando,6.5,,11.39
M,,SISU Ampla Concorrencia,Sem evasão,2008/1,2.0,,,5.8027,rocinha,RIO DE JANEIRO,Rio de Janeiro,,,2022.2,2022.0,,Ampla Concorrência,Cursando,6.0,,9.01
M,,SISU Ampla Concorrencia,Sem evasão,2008/1,1.0,,,4.3346,recreio dos bandeirantes,RIO DE JANEIRO,Rio de Janeiro,,,2014.1,2014.0,,Ampla Concorrência,Cursando,4.5,,31.12
M,2002-10-04,SISU Ampla Concorrencia,Sem evasão,2008/1,2.0,,,8.4015,centro,RIO DE JANEIRO,Rio de Janeiro,,,2020.2,2020.0,17.0,Ampla Concorrência,Cursando,8.5,,23.57
M,1997-11-07,SISU Ampla Concorrencia,CAN - Cancelamento Geral do curso,2008/1,1.0,2016-02-04,1.0,6.5222,laranjeiras,RIO DE JANEIRO,Rio de Janeiro,2016.1,2016.0,2015.1,2015.0,17.0,Ampla Concorrência,Evasão,6.5,,2.99
M,2004-06-01,"SISU Escola Pública até 1,5 S.M Preto e Pardo",Sem evasão,2008/1,1.0,,,8.4691,caju,RIO DE JANEIRO,Rio de Janeiro,,,2022.1,2022.0,17.0,Cotas,Cursando,8.5,,9.84
M,1988-06-12,SISU Ampla Concorrencia,Sem evasão,2008/1,1.0,,,3.8245,copacabana,RIO DE JANEIRO,Rio de Janeiro,,,2019.1,2019.0,30.0,Ampla Concorrência,Cursando,4.0,,2.59
M,1987-10-09,SISU Ampla Concorrencia,Sem evasão,2008/1,1.0,,,6.3419,freguesia,RIO DE JANEIRO,Rio de Janeiro,,,2015.1,2015.0,27.0,Ampla Concorrência,Cursando,6.5,,17.93
M,,SISU Ampla Concorrencia,Sem evasão,2008/1,2.0,,,8.0729,bras de pina,RIO DE JANEIRO,Rio de Janeiro,,,2021.2,2021.0,,Ampla Concorrência,Cursando,8.0,,18.98
M,,SISU Ampla Concorrencia,Sem evasão,2008/1,1.0,,,7.7069,laranjeiras,RIO DE JANEIRO,Rio de Janeiro,,,2017.1,2017.0,,Ampla Concorrência,Cursando,7.5,,2.99
M,2001-12-01,SISU Ampla Concorrencia,Sem evasão,2008/1,2.0,,,4.8393,vicente de carvalho,RIO DE JANEIRO,Rio de Janeiro,,,2020.2,2020.0,18.0,Ampla Concorrência,Cursando,5.0,,18.58
M,,SISU Ampla Concorrencia,Sem evasão,2008/1,1.0,,,7.8115,copacabana,RIO DE JANEIRO,Rio de Janeiro,,,2022.1,2022.0,,Ampla Concorrência,Cursando,8.0,,2.59
M,,SISU Ampla Concorrencia,ABA - Abandono do curso,2008/1,2.0,2019-05-20,1.0,3.0,centro,RIO DE JANEIRO,Minas Gerais,2019.1,2019.0,2018.2,2018.0,,Ampla Concorrência,Evasão,3.0,,23.57
M,,SISU Ampla Concorrencia,Sem evasão,2008/1,2.0,,,6.9678,alto da boa vista,RIO DE JANEIRO,Rio de Janeiro,,,2015.2,2015.0,,Ampla Concorrência,Cursando,7.0,,8.82
M,,SISU Ampla Concorrencia,Sem evasão,2008/1,2.0,,,7.3982,rio comprido,RIO DE JANEIRO,Rio de Janeiro,,,2020.2,2020.0,,Ampla Concorrência,Cursando,7.5,,5.09
M,,"SISU Escola Pública até 1,5 S.M Preto e Pardo",Sem evasão,2008/1,1.0,,,6.1608,honorio fraga,COLATINA,Espírito Santo,,,2020.1,2020.0,,Cotas,Cursando,6.0,,458.79
M,1994-08-06,SISU Ampla Concorrencia,Sem evasão,2008/1,1.0,,,8.5973,botafogo,RIO DE JANEIRO,Rio de Janeiro,,,2022.1,2022.0,27.0,Ampla Concorrência,Cursando,8.5,,1.37
F,,SISU Escola Publica - Indep. de Renda,CAN - Cancelamento Geral do curso,2008/1,2.0,2020-02-17,1.0,8.5726,inhauma,RIO DE JANEIRO,Rio de Janeiro,2020.1,2020.0,2019.2,2019.0,,Cotas,Evasão,8.5,,14.87
M,1988-06-06,SISU Ampla Concorrencia,Sem evasão,2008/1,2.0,,,0.0,laranjeiras,RIO DE JANEIRO,Rio de Janeiro,,,2018.2,2018.0,30.0,Ampla Concorrência,Cursando,0.0,,2.99
M,,"SISU Escola Pública até 1,5 S.M Preto e Pardo",Sem evasão,2008/1,2.0,,,6.1897,centro,NILOPOLIS,Rio de Janeiro,,,2021.2,2021.0,,Cotas,Cursando,6.0,,23.57
M,,"SISU Escola Pública até 1,5 S.M Preto e Pardo",Sem evasão,2008/1,2.0,,,8.6662,mare,RIO DE JANEIRO,Rio de Janeiro,,,2020.2,2020.0,,Cotas,Cursando,8.5,,13.0
M,1988-06-09,SISU Escola Publica - Indep. de Renda,ABA - Abandono do curso,2008/1,2.0,2019-05-20,1.0,7.04,tijuca,RIO DE JANEIRO,Rio de Janeiro,2019.1,2019.0,2016.2,2016.0,28.0,Cotas,Evasão,7.0,,7.39
M,,SISU Ampla Concorrencia,Sem evasão,2008/1,1.0,,,8.3685,bangu,RIO DE JANEIRO,Rio de Janeiro,,,2018.1,2018.0,,Ampla Concorrência,Cursando,8.5,,31.68
M,,SISU Ampla Concorrencia,Sem evasão,2008/1,2.0,,,8.8227,portuguesa,RIO DE JANEIRO,Rio de Janeiro,,,2022.2,2022.0,,Ampla Concorrência,Cursando,9.0,,17.53
M,2001-12-07,"SISU Escola Pública até 1,5 S.M Preto e Pardo",Sem evasão,2008/1,1.0,,,7.2907,laranjeiras,RIO DE JANEIRO,Rio de Janeiro,,,2021.1,2021.0,19.0,Cotas,Cursando,7.5,,2.99
M,,SISU Escola Publica - Indep. de Renda,JUB - Jubilamento,2008/1,1.0,2016-06-24,1.0,4.16,gloria,RIO DE JANEIRO,Rio de Janeiro,2016.1,2016.0,2015.1,2015.0,,Cotas,Evasão,4.0,,4.01
M,,SISU Ampla Concorrencia,CAN - Cancelamento Geral do curso,2008/1,1.0,2018-04-27,1.0,4.7121,iraja,RIO DE JANEIRO,Rio de Janeiro,2018.1,2018.0,2017.1,2017.0,,Ampla Concorrência,Evasão,4.5,,20.68
M,,SISU Ampla Concorrencia,CAN - Cancelamento Geral do curso,2008/1,1.0,2022-09-26,1.0,3.3822,meier,RIO DE JANEIRO,Rio de Janeiro,2022.1,2022.0,2015.1,2015.0,,Ampla Concorrência,Evasão,3.5,,12.84
M,,SISU Ampla Concorrencia,Sem evasão,2008/1,1.0,,,8.4698,olaria,Rio de Janeiro,Rio de Janeiro,,,2020.1,2020.0,,Ampla Concorrência,Cursando,8.5,,96.6
M,,SISU Ampla Concorrencia,ABA - Abandono do curso,2008/1,2.0,2018-05-14,1.0,1.5,copacabana,RIO DE JANEIRO,Rio de Janeiro,2018.1,2018.0,2017.2,2017.0,,Ampla Concorrência,Evasão,1.5,,2.59
M,,"SISU Escola Pública até 1,5 S.M Preto e Pardo",Sem evasão,2008/1,2.0,,,3.8819,quintino bocaiuva,RIO DE JANEIRO,Rio de Janeiro,,,2015.2,2015.0,,Cotas,Cursando,4.0,,17.39
M,,SISU Escola Publica - Indep. de Renda,Sem evasão,2008/1,2.0,,,8.5952,bangu,RIO DE JANEIRO,Rio de Janeiro,,,2021.2,2021.0,,Cotas,Cursando,8.5,,31.68
M,2003-05-12,SISU Ampla Concorrencia,Sem evasão,2008/1,1.0,,,6.941,freguesia,RIO DE JANEIRO,Rio de Janeiro,,,2022.1,2022.0,18.0,Ampla Concorrência,Cursando,7.0,,17.93
M,1989-02-08,SISU Ampla Concorrencia,JUB - Jubilamento,2008/1,2.0,2017-06-26,1.0,1.7466,cosme velho,RIO DE JANEIRO,Rio de Janeiro,2017.1,2017.0,2016.2,2016.0,27.0,Ampla Concorrência,Evasão,1.5,,3.63
M,1989-02-08,SISU Ampla Concorrencia,JUB - Jubilamento,2008/1,2.0,2017-06-26,1.0,1.7466,cosme velho,RIO DE JANEIRO,Rio de Janeiro,2017.1,2017.0,2016.2,2016.0,27.0,Ampla Concorrência,Evasão,1.5,,3.63
M,1998-05-07,SISU Ampla Concorrencia,Sem evasão,2008/1,2.0,,,6.8557,recreio dos bandeirantes,RIO DE JANEIRO,Rio de Janeiro,,,2018.2,2018.0,20.0,Ampla Concorrência,Cursando,7.0,,31.12
M,,SISU Ampla Concorrencia,Sem evasão,2008/1,2.0,,,7.5929,freguesia,RIO DE JANEIRO,Rio de Janeiro,,,2016.2,2016.0,,Ampla Concorrência,Cursando,7.5,,17.93
M,,"SISU Escola Pública até 1,5 S.M Preto e Pardo",Sem evasão,2008/1,2.0,,,3.7104,jardim gramacho,DUQUE DE CAXIAS,Rio de Janeiro,,,2020.2,2020.0,,Cotas,Cursando,3.5,,24.95
M,,SISU Ampla Concorrencia,Sem evasão,2008/1,1.0,,,7.883,padre miguel,RIO DE JANEIRO,Rio de Janeiro,,,2021.1,2021.0,,Ampla Concorrência,Cursando,8.0,,29.97
M,1998-08-08,SISU Ampla Concorrencia,CAN - Cancelamento Geral do curso,2008/1,2.0,2022-02-22,2.0,7.165,barra da tijuca,RIO DE JANEIRO,Rio de Janeiro,2021.2,2021.0,2016.2,2016.0,17.0,Ampla Concorrência,Evasão,7.0,,20.93
M,,SISU Ampla Concorrencia,Sem evasão,2008/1,2.0,,,4.9352,inhauma,RIO DE JANEIRO,Rio de Janeiro,,,2017.2,2017.0,,Ampla Concorrência,Cursando,5.0,,14.87
M,,SISU Ampla Concorrencia,Sem evasão,2008/1,2.0,,,8.3954,guaratiba,RIO DE JANEIRO,Rio de Janeiro,,,2022.2,2022.0,,Ampla Concorrência,Cursando,8.5,,42.95
M,,SISU Ampla Concorrencia,Sem evasão,2008/1,1.0,,,8.4527,vila da penha,RIO DE JANEIRO,Rio de Janeiro,,,2019.1,2019.0,,Ampla Concorrência,Cursando,8.5,,19.04
M,1990-01-10,SISU Ampla Concorrencia,Sem evasão,2008/1,2.0,,,4.4235,flamengo,RIO DE JANEIRO,Rio de Janeiro,,,2020.2,2020.0,30.0,Ampla Concorrência,Cursando,4.5,,2.33
M,,SISU Ampla Concorrencia,CON - Curso concluído,2008/1,1.0,2019-04-11,2.0,7.8781,tijuca,RIO DE JANEIRO,Rio de Janeiro,2018.2,2018.0,2014.1,2014.0,,Ampla Concorrência,Concluído,8.0,0.0,7.39
M,,SISU Ampla Concorrencia,ABA - Abandono do curso,2008/1,1.0,2018-10-18,2.0,6.2586,iraja,RIO DE JANEIRO,Rio de Janeiro,2018.2,2018.0,2014.1,2014.0,,Ampla Concorrência,Evasão,6.5,,20.68
M,,SISU Ampla Concorrencia,ABA - Abandono do curso,2008/1,1.0,2019-10-21,2.0,0.0,recreio dos bandeirantes,RIO DE JANEIRO,Rio de Janeiro,2019.2,2019.0,2018.1,2018.0,,Ampla Concorrência,Evasão,0.0,,31.12
M,1963-02-07,SISU Ampla Concorrencia,Sem evasão,2008/1,2.0,,,8.2887,barra da tijuca,RIO DE JANEIRO,Rio de Janeiro,,,2020.2,2020.0,57.0,Ampla Concorrência,Cursando,8.5,,20.93
M,,SISU Ampla Concorrencia,Sem evasão,2008/1,1.0,,,5.9754,copacabana,RIO DE JANEIRO,Rio de Janeiro,,,2021.1,2021.0,,Ampla Concorrência,Cursando,6.0,,2.59
M,,SISU Ampla Concorrencia,CON - Curso concluído,2008/1,1.0,2022-06-23,2.0,8.0353,ipanema,RIO DE JANEIRO,Rio de Janeiro,2021.2,2021.0,2015.1,2015.0,,Ampla Concorrência,Concluído,8.0,0.0,4.83
M,1994-07-05,SISU Ampla Concorrencia,ABA - Abandono do curso,2008/1,2.0,2019-10-21,2.0,3.4783,realengo,RIO DE JANEIRO,Rio de Janeiro,2019.2,2019.0,2015.2,2015.0,20.0,Ampla Concorrência,Evasão,3.5,,28.2
M,,SISU Ampla Concorrencia,Sem evasão,2008/1,2.0,,,5.9041,copacabana,RIO DE JANEIRO,Rio de Janeiro,,,2021.2,2021.0,,Ampla Concorrência,Cursando,6.0,,2.59
M,2000-07-02,SISU Escola Publica - Indep. de Renda,Sem evasão,2008/1,1.0,,,8.6278,tijuca,RIO DE JANEIRO,Rio de Janeiro,,,2019.1,2019.0,18.0,Cotas,Cursando,8.5,,7.39
M,1995-04-07,SISU Ampla Concorrencia,ABA - Abandono do curso,2008/1,2.0,2018-05-14,1.0,5.6363,botafogo,RIO DE JANEIRO,Rio de Janeiro,2018.1,2018.0,2014.2,2014.0,19.0,Ampla Concorrência,Evasão,5.5,,1.37
M,,SISU Ampla Concorrencia,CAN - Cancelamento Geral do curso,2008/1,1.0,2021-11-24,2.0,8.5941,padre miguel,RIO DE JANEIRO,Rio de Janeiro,2021.2,2021.0,2021.1,2021.0,,Ampla Concorrência,Evasão,8.5,,29.97
M,,SISU Escola Publica - Indep. de Renda,Sem evasão,2008/1,1.0,,,4.9648,abolicao,RIO DE JANEIRO,Rio de Janeiro,,,2016.1,2016.0,,Cotas,Cursando,5.0,,15.48
M,,SISU Ampla Concorrencia,Sem evasão,2008/1,2.0,,,8.2359,santa teresa,RIO DE JANEIRO,Rio de Janeiro,,,2021.2,2021.0,,Ampla Concorrência,Cursando,8.0,,4.05
M,,SISU Ampla Concorrencia,Sem evasão,2008/1,2.0,,,6.6892,botafogo,RIO DE JANEIRO,Rio de Janeiro,,,2017.2,2017.0,,Ampla Concorrência,Cursando,6.5,,1.37
M,1994-08-06,SISU Ampla Concorrencia,JUB - Jubilamento,2008/1,2.0,2017-11-27,2.0,3.0666,barra da tijuca,RIO DE JANEIRO,Rio de Janeiro,2017.2,2017.0,2016.2,2016.0,21.0,Ampla Concorrência,Evasão,3.0,,20.93
M,1998-03-12,"SISU Escola Pública até 1,5 S.M Índio",Sem evasão,2008/1,1.0,,,6.5454,santa cruz,RIO DE JANEIRO,Rio de Janeiro,,,2019.1,2019.0,20.0,Cotas,Cursando,6.5,,53.03
M,,SISU Ampla Concorrencia,Sem evasão,2008/1,1.0,,,0.0,botafogo,RIO DE JANEIRO,Rio de Janeiro,,,2022.1,2022.0,,Ampla Concorrência,Cursando,0.0,,1.37
M,1989-02-10,SISU Escola Publica - Indep. de Renda,Sem evasão,2008/1,1.0,,,8.2081,taquara,RIO DE JANEIRO,Rio de Janeiro,,,2021.1,2021.0,31.0,Cotas,Cursando,8.0,,22.51
M,,SISU Ampla Concorrencia,Sem evasão,2008/1,2.0,,,6.7909,botafogo,RIO DE JANEIRO,Rio de Janeiro,,,2022.2,2022.0,,Ampla Concorrência,Cursando,7.0,,1.37
M,,"SISU Escola Pública até 1,5 S.M Índio",Sem evasão,2008/1,2.0,,,5.6876,vila nova (surui),MAGE,Rio de Janeiro,,,2016.2,2016.0,,Cotas,Cursando,5.5,,
M,,"SISU Escola Pública até 1,5 S.M Preto e Pardo",JUB - Jubilamento,2008/1,1.0,2016-06-24,1.0,0.0,vila brasil,ITABORAI,Rio de Janeiro,2016.1,2016.0,2015.1,2015.0,,Cotas,Evasão,0.0,,31.03
F,,SISU Escola Publica - Indep. de Renda,Sem evasão,2008/1,1.0,,,7.4153,realengo,RIO DE JANEIRO,Rio de Janeiro,,,2022.1,2022.0,,Cotas,Cursando,7.5,,28.2
F,1996-08-02,SISU Ampla Concorrencia,CAN - Cancelamento Geral do curso,2008/1,2.0,2023-04-20,1.0,0.0,botafogo,RIO DE JANEIRO,Rio de Janeiro,2023.1,2023.0,2017.2,2017.0,20.0,Ampla Concorrência,Evasão,0.0,,1.37
M,2003-05-01,SISU Escola Publica - Indep. de Renda,Sem evasão,2008/1,1.0,,,6.7767,taquara,RIO DE JANEIRO,Rio de Janeiro,,,2022.1,2022.0,18.0,Cotas,Cursando,7.0,,22.51
M,,SISU Ampla Concorrencia,Sem evasão,2008/1,2.0,,,5.0016,santa teresa,SALVADOR,Bahia,,,2021.2,2021.0,,Ampla Concorrência,Cursando,5.0,,4.05
M,,SISU Ampla Concorrencia,Sem evasão,2008/1,2.0,,,0.0,flamengo,MARICA,Rio de Janeiro,,,2020.2,2020.0,,Ampla Concorrência,Cursando,0.0,,2.33
M,1996-10-08,SISU Escola Publica - Indep. de Renda,Sem evasão,2008/1,2.0,,,5.6167,cachambi,RIO DE JANEIRO,Rio de Janeiro,,,2016.2,2016.0,19.0,Cotas,Cursando,5.5,,13.03
M,2001-05-12,SISU Ampla Concorrencia,Sem evasão,2008/1,2.0,,,7.9363,pilares,RIO DE JANEIRO,Rio de Janeiro,,,2020.2,2020.0,19.0,Ampla Concorrência,Cursando,8.0,,15.5
M,,SISU Ampla Concorrencia,Sem evasão,2008/1,1.0,,,8.1256,meier,RIO DE JANEIRO,Rio de Janeiro,,,2021.1,2021.0,,Ampla Concorrência,Cursando,8.0,,12.84
M,1995-10-09,SISU Ampla Concorrencia,ABA - Abandono do curso,2008/1,2.0,2018-05-14,1.0,1.8659,tijuca,RIO DE JANEIRO,Rio de Janeiro,2018.1,2018.0,2014.2,2014.0,18.0,Ampla Concorrência,Evasão,2.0,,7.39
M,2000-08-06,SISU Ampla Concorrencia,Sem evasão,2008/1,1.0,,,8.7323,estacio,RIO DE JANEIRO,Rio de Janeiro,,,2019.1,2019.0,18.0,Ampla Concorrência,Cursando,8.5,,5.53
M,2000-02-06,SISU Ampla Concorrencia,ABA - Abandono do curso,2008/1,1.0,2018-10-18,2.0,0.0,barra da tijuca,RIO DE JANEIRO,Rio de Janeiro,2018.2,2018.0,2018.1,2018.0,17.0,Ampla Concorrência,Evasão,0.0,,20.93
M,,SISU Ampla Concorrencia,Sem evasão,2008/1,2.0,,,3.5272,botafogo,RIO DE JANEIRO,Rio de Janeiro,,,2020.2,2020.0,,Ampla Concorrência,Cursando,3.5,,1.37
M,,SISU Ampla Concorrencia,Sem evasão,2008/1,1.0,,,4.9321,chacaras rio-petropolis,DUQUE DE CAXIAS,Rio de Janeiro,,,2016.1,2016.0,,Ampla Concorrência,Cursando,5.0,,
M,1996-01-05,SISU Ampla Concorrencia,Sem evasão,2008/1,2.0,,,7.3745,copacabana,RIO DE JANEIRO,Rio de Janeiro,,,2021.2,2021.0,25.0,Ampla Concorrência,Cursando,7.5,,2.59
M,,SISU Ampla Concorrencia,Sem evasão,2008/1,2.0,,,0.0,jardim excelsior,CABO FRIO,Rio de Janeiro,,,2020.2,2020.0,,Ampla Concorrência,Cursando,0.0,,
M,1993-08-08,SISU Ampla Concorrencia,CON - Curso concluído,2008/1,1.0,2021-05-05,1.0,8.2645,flamengo,RIO DE JANEIRO,Rio de Janeiro,2020.1,2020.0,2018.1,2018.0,24.0,Ampla Concorrência,Concluído,8.5,0.0,2.33
M,1998-07-05,SISU Ampla Concorrencia,Sem evasão,2008/1,1.0,,,5.7323,neopolis,NATAL,Rio Grande do Norte,,,2017.1,2017.0,18.0,Ampla Concorrência,Cursando,5.5,,2074.84
M,,SISU Ampla Concorrencia,JUB - Jubilamento,2008/1,2.0,2016-06-24,1.0,0.0,cidade nova,BELO HORIZONTE,Minas Gerais,2016.1,2016.0,2015.2,2015.0,,Ampla Concorrência,Evasão,0.0,,348.3
F,1999-04-02,SISU Escola Publica - Indep. de Renda,Sem evasão,2008/1,2.0,,,7.4665,tijuca,RIO DE JANEIRO,Rio de Janeiro,,,2017.2,2017.0,18.0,Cotas,Cursando,7.5,,7.39
M,1986-04-08,SISU Ampla Concorrencia,ABA - Abandono do curso,2008/1,2.0,2018-05-14,1.0,3.96,rio comprido,RIO DE JANEIRO,São Paulo,2018.1,2018.0,2015.2,2015.0,29.0,Ampla Concorrência,Evasão,4.0,,5.09
M,2000-02-07,SISU Ampla Concorrencia,Sem evasão,2008/1,2.0,,,8.48,portuguesa,RIO DE JANEIRO,Rio de Janeiro,,,2020.2,2020.0,20.0,Ampla Concorrência,Cursando,8.5,,17.53
M,,SISU Escola Publica - Indep. de Renda,Sem evasão,2008/1,2.0,,,7.6936,engenho de dentro,RIO DE JANEIRO,Rio de Janeiro,,,2018.2,2018.0,,Cotas,Cursando,7.5,,14.39
M,,SISU Ampla Concorrencia,Sem evasão,2008/1,2.0,,,0.0,sao francisco da praia,SAO SEBASTIAO,Alagoas,,,2021.2,2021.0,,Ampla Concorrência,Cursando,0.0,,
M,,SISU Ampla Concorrencia,Sem evasão,2008/1,2.0,,,4.7891,inhauma,RIO DE JANEIRO,Rio de Janeiro,,,2014.2,2014.0,,Ampla Concorrência,Cursando,5.0,,14.87
M,1996-11-03,SISU Escola Publica - Indep. de Renda,ABA - Abandono do curso,2008/1,2.0,2018-10-18,2.0,5.1558,botafogo,RIO DE JANEIRO,Rio de Janeiro,2018.2,2018.0,2015.2,2015.0,18.0,Cotas,Evasão,5.0,,1.37
M,1995-02-10,SISU Ampla Concorrencia,Sem evasão,2008/1,1.0,,,5.2582,catete,RIO DE JANEIRO,Rio de Janeiro,,,2014.1,2014.0,18.0,Ampla Concorrência,Cursando,5.5,,3.26
M,,SISU Ampla Concorrencia,CAN - Cancelamento Geral do curso,2008/1,2.0,2021-04-19,2.0,5.342,botafogo,RIO DE JANEIRO,Rio de Janeiro,2020.2,2020.0,2016.2,2016.0,,Ampla Concorrência,Evasão,5.5,,1.37
M,1992-08-12,SISU Ampla Concorrencia,CON - Curso concluído,2008/1,2.0,2022-04-12,1.0,7.1641,quitandinha,PETROPOLIS,Rio de Janeiro,2021.1,2021.0,2014.2,2014.0,21.0,Ampla Concorrência,Concluído,7.0,0.0,47.51
M,,SISU Ampla Concorrencia,Sem evasão,2008/1,2.0,,,0.6733,tijuca,RIO DE JANEIRO,Rio de Janeiro,,,2019.2,2019.0,,Ampla Concorrência,Cursando,0.5,,7.39
F,,SISU Escola Publica - Indep. de Renda,Sem evasão,2008/1,2.0,,,7.6683,penha,RIO DE JANEIRO,Rio de Janeiro,,,2021.2,2021.0,,Cotas,Cursando,7.5,,16.99
M,1990-01-05,SISU Ampla Concorrencia,Sem evasão,2008/1,2.0,,,8.285,pilares,RIO DE JANEIRO,Rio de Janeiro,,,2017.2,2017.0,27.0,Ampla Concorrência,Cursando,8.5,,15.5
M,,SISU Ampla Concorrencia,Sem evasão,2008/1,2.0,,,0.0,copacabana,RIO DE JANEIRO,Rio de Janeiro,,,2022.2,2022.0,,Ampla Concorrência,Cursando,0.0,,2.59
M,,SISU Escola Publica - Indep. de Renda,ABA - Abandono do curso,2008/1,1.0,2019-10-21,2.0,1.3527,higienopolis,RIO DE JANEIRO,Rio de Janeiro,2019.2,2019.0,2018.1,2018.0,,Cotas,Evasão,1.5,,13.06
F,,SISU Ampla Concorrencia,Sem evasão,2008/1,2.0,,,9.0109,ramos,RIO DE JANEIRO,Rio de Janeiro,,,2019.2,2019.0,,Ampla Concorrência,Cursando,9.0,,14.44
M,,SISU Ampla Concorrencia,Sem evasão,2008/1,2.0,,,8.5091,laranjeiras,RIO DE JANEIRO,Rio de Janeiro,,,2020.2,2020.0,,Ampla Concorrência,Cursando,8.5,,2.99
M,1994-06-09,SISU Ampla Concorrencia,Sem evasão,2008/1,2.0,,,6.4304,lins de vasconcelos,RIO DE JANEIRO,Rio de Janeiro,,,2015.2,2015.0,21.0,Ampla Concorrência,Cursando,6.5,,12.73
M,2003-11-07,SISU Ampla Concorrencia,Sem evasão,2008/1,2.0,,,8.6541,itanhanga,RIO DE JANEIRO,Rio de Janeiro,,,2021.2,2021.0,17.0,Ampla Concorrência,Cursando,8.5,,14.51
M,1994-09-02,SISU Escola Publica - Indep. de Renda,CAN - Cancelamento Geral do curso,2008/1,1.0,2019-02-05,1.0,4.5586,cachambi,RIO DE JANEIRO,Rio de Janeiro,2019.1,2019.0,2016.1,2016.0,21.0,Cotas,Evasão,4.5,,13.03
M,1997-03-05,SISU Escola Publica - Indep. de Renda,Sem evasão,2008/1,1.0,,,3.2267,taquara,RIO DE JANEIRO,Rio de Janeiro,,,2017.1,2017.0,19.0,Cotas,Cursando,3.0,,22.51
M,,SISU Ampla Concorrencia,ABA - Abandono do curso,2008/1,2.0,2019-05-20,1.0,3.1923,botafogo,RIO DE JANEIRO,Rio de Janeiro,2019.1,2019.0,2016.2,2016.0,,Ampla Concorrência,Evasão,3.0,,1.37
M,,SISU Ampla Concorrencia,ABA - Abandono do curso,2008/1,1.0,2018-10-18,2.0,5.8954,icarai,NITEROI,Rio de Janeiro,2018.2,2018.0,2018.1,2018.0,,Ampla Concorrência,Evasão,6.0,,8.44
M,,SISU Ampla Concorrencia,Sem evasão,2008/1,1.0,,,3.1703,laranjal,VOLTA REDONDA,Rio de Janeiro,,,2022.1,2022.0,,Ampla Concorrência,Cursando,3.0,,107.11
M,,SISU Ampla Concorrencia,Sem evasão,2008/1,1.0,,,7.1159,cohama,SAO LUIS,Maranhão,,,2022.1,2022.0,,Ampla Concorrência,Cursando,7.0,,2264.45
M,2002-12-06,SISU Ampla Concorrencia,Sem evasão,2008/1,2.0,,,3.8408,recreio dos bandeirantes,RIO DE JANEIRO,Rio de Janeiro,,,2020.2,2020.0,17.0,Ampla Concorrência,Cursando,4.0,,31.12
M,2004-10-04,SISU Ampla Concorrencia,Sem evasão,2008/1,2.0,,,7.2409,calhau,SAO LUIS,Maranhão,,,2022.2,2022.0,17.0,Ampla Concorrência,Cursando,7.0,,2267.14
M,,SISU Ampla Concorrencia,CAN - Cancelamento Geral do curso,2008/1,1.0,2022-02-17,2.0,6.0944,jacarepagua,RIO DE JANEIRO,Rio de Janeiro,2021.2,2021.0,2020.1,2020.0,,Ampla Concorrência,Evasão,6.0,,20.9
M,,SISU Escola Publica - Indep. de Renda,Sem evasão,2008/1,1.0,,,8.698,bras de pina,RIO DE JANEIRO,Rio de Janeiro,,,2017.1,2017.0,,Cotas,Cursando,8.5,,18.98
M,2004-05-01,SISU Ampla Concorrencia,Sem evasão,2008/1,1.0,,,6.6139,botafogo,RIO DE JANEIRO,Rio de Janeiro,,,2022.1,2022.0,17.0,Ampla Concorrência,Cursando,6.5,,1.37
M,1994-01-07,SISU Ampla Concorrencia,JUB - Jubilamento,2008/1,2.0,2016-06-24,1.0,0.2166,cachambi,RIO DE JANEIRO,Rio de Janeiro,2016.1,2016.0,2014.2,2014.0,20.0,Ampla Concorrência,Evasão,0.0,,13.03
M,,SISU Ampla Concorrencia,Sem evasão,2008/1,1.0,,,7.6116,flamengo,RIO DE JANEIRO,Rio de Janeiro,,,2017.1,2017.0,,Ampla Concorrência,Cursando,7.5,,2.33
M,2001-09-09,SISU Ampla Concorrencia,Sem evasão,2008/1,2.0,,,8.6693,benfica,RIO DE JANEIRO,Rio de Janeiro,,,2020.2,2020.0,18.0,Ampla Concorrência,Cursando,8.5,,10.1
M,1999-01-10,SISU Ampla Concorrencia,Sem evasão,2008/1,1.0,,,8.235,engenho novo,RIO DE JANEIRO,Rio de Janeiro,,,2018.1,2018.0,18.0,Ampla Concorrência,Cursando,8.0,,11.39
M,,SISU Ampla Concorrencia,Sem evasão,2008/1,1.0,,,8.3023,jacarepagua,RIO DE JANEIRO,Rio de Janeiro,,,2021.1,2021.0,,Ampla Concorrência,Cursando,8.5,,20.9
M,2001-04-09,SISU Ampla Concorrencia,Sem evasão,2008/1,1.0,,,8.8536,parque ipiranga,RESENDE,Rio de Janeiro,,,2021.1,2021.0,19.0,Ampla Concorrência,Cursando,9.0,,
M,,SISU Ampla Concorrencia,Sem evasão,2008/1,1.0,,,2.4971,meier,RIO DE JANEIRO,Rio de Janeiro,,,2022.1,2022.0,,Ampla Concorrência,Cursando,2.5,,12.84
M,,SISU Ampla Concorrencia,CAN - Cancelamento Geral do curso,2008/1,1.0,2014-07-28,2.0,9.7,meier,RIO DE JANEIRO,Rio de Janeiro,2014.2,2014.0,2014.1,2014.0,,Ampla Concorrência,Evasão,9.5,,12.84
M,,SISU Ampla Concorrencia,CON - Curso concluído,2008/1,1.0,2022-06-23,2.0,8.5501,quintino bocaiuva,RIO DE JANEIRO,Rio de Janeiro,2021.2,2021.0,2017.1,2017.0,,Ampla Concorrência,Concluído,8.5,0.0,17.39
M,,SISU Ampla Concorrencia,CON - Curso concluído,2008/1,1.0,2022-05-10,1.0,7.7254,recreio dos bandeirantes,RIO DE JANEIRO,Rio de Janeiro,2021.1,2021.0,2017.1,2017.0,,Ampla Concorrência,Concluído,7.5,0.0,31.12
M,,SISU Ampla Concorrencia,CON - Curso concluído,2008/1,2.0,2019-05-20,2.0,6.7716,leblon,RIO DE JANEIRO,Rio de Janeiro,2018.2,2018.0,2014.2,2014.0,,Ampla Concorrência,Concluído,7.0,0.0,6.69
M,,SISU Ampla Concorrencia,Sem evasão,2008/1,1.0,,,7.607,flamengo,RIO DE JANEIRO,Rio de Janeiro,,,2017.1,2017.0,,Ampla Concorrência,Cursando,7.5,,2.33
M,,SISU Escola Publica - Indep. de Renda,Sem evasão,2008/1,1.0,,,6.9149,jacarepagua,RIO DE JANEIRO,Rio de Janeiro,,,2019.1,2019.0,,Cotas,Cursando,7.0,,20.9
M,,SISU Ampla Concorrencia,Sem evasão,2008/1,1.0,,,5.4051,laranjeiras,RIO DE JANEIRO,Rio de Janeiro,,,2022.1,2022.0,,Ampla Concorrência,Cursando,5.5,,2.99
M,,SISU Ampla Concorrencia,CAN - Cancelamento Geral do curso,2008/1,2.0,2015-10-22,2.0,3.5444,olaria,RIO DE JANEIRO,Rio de Janeiro,2015.2,2015.0,2014.2,2014.0,,Ampla Concorrência,Evasão,3.5,,96.6
M,1997-03-11,SISU Ampla Concorrencia,CON - Curso concluído,2008/1,2.0,2022-06-23,2.0,8.7317,recreio dos bandeirantes,RIO DE JANEIRO,Rio de Janeiro,2021.2,2021.0,2016.2,2016.0,19.0,Ampla Concorrência,Concluído,8.5,0.0,31.12
M,2003-04-04,"SISU Escola Pública até 1,5 S.M Preto e Pardo",Sem evasão,2008/1,1.0,,,7.7536,coelho neto,RIO DE JANEIRO,Rio de Janeiro,,,2021.1,2021.0,17.0,Cotas,Cursando,8.0,,23.06
F,,SISU Escola Publica - Indep. de Renda,Sem evasão,2008/1,2.0,,,6.0163,taquara,RIO DE JANEIRO,Rio de Janeiro,,,2020.2,2020.0,,Cotas,Cursando,6.0,,22.51
F,2002-11-12,SISU Ampla Concorrencia,Sem evasão,2008/1,1.0,,,8.1392,vila isabel,RIO DE JANEIRO,Rio de Janeiro,,,2021.1,2021.0,18.0,Ampla Concorrência,Cursando,8.0,,9.45
M,,SISU Ampla Concorrencia,Sem evasão,2008/1,2.0,,,4.6533,maracana,RIO DE JANEIRO,Rio de Janeiro,,,2015.2,2015.0,,Ampla Concorrência,Cursando,4.5,,7.97
M,,SISU Escola Publica - Indep. de Renda,CON - Curso concluído,2008/1,1.0,2019-04-11,2.0,8.0616,copacabana,RIO DE JANEIRO,Rio de Janeiro,2018.2,2018.0,2014.1,2014.0,,Cotas,Concluído,8.0,0.0,2.59
F,,SISU Ampla Concorrencia,CAN - Cancelamento Geral do curso,2008/1,1.0,2021-07-23,1.0,8.0222,jardim botanico,RIO DE JANEIRO,Rio de Janeiro,2021.1,2021.0,2018.1,2018.0,,Ampla Concorrência,Evasão,8.0,,5.78
M,1999-01-10,SISU Escola Publica - Indep. de Renda,Sem evasão,2008/1,2.0,,,7.533,coelho neto,RIO DE JANEIRO,Rio de Janeiro,,,2019.2,2019.0,20.0,Cotas,Cursando,7.5,,23.06
M,,SISU Ampla Concorrencia,ABA - Abandono do curso,2008/1,2.0,2018-05-14,1.0,0.0,ramos,RIO DE JANEIRO,Rio de Janeiro,2018.1,2018.0,2016.2,2016.0,,Ampla Concorrência,Evasão,0.0,,14.44
M,,SISU Ampla Concorrencia,ABA - Abandono do curso,2008/1,2.0,2018-05-14,1.0,0.0,ramos,RIO DE JANEIRO,Rio de Janeiro,2018.1,2018.0,2016.2,2016.0,,Ampla Concorrência,Evasão,0.0,,14.44
M,,SISU Ampla Concorrencia,Sem evasão,2008/1,2.0,,,0.0,flamengo,RIO DE JANEIRO,Rio de Janeiro,,,2022.2,2022.0,,Ampla Concorrência,Cursando,0.0,,2.33
F,,SISU Ampla Concorrencia,ABA - Abandono do curso,2008/1,1.0,2019-05-20,1.0,7.0603,urca,RIO DE JANEIRO,Rio de Janeiro,2019.1,2019.0,2015.1,2015.0,,Ampla Concorrência,Evasão,7.0,,0.0
F,,SISU Ampla Concorrencia,Sem evasão,2008/1,1.0,,,5.884,flamengo,RIO DE JANEIRO,Rio de Janeiro,,,2021.1,2021.0,,Ampla Concorrência,Cursando,6.0,,2.33
F,,SISU Ampla Concorrencia,Sem evasão,2008/1,1.0,,,7.7893,penha,RIO DE JANEIRO,Rio de Janeiro,,,2020.1,2020.0,,Ampla Concorrência,Cursando,8.0,,16.99
F,,SISU Ampla Concorrencia,CON - Curso concluído,2008/1,1.0,2022-05-10,1.0,8.5468,centro,RIO DE JANEIRO,Rio de Janeiro,2022.1,2022.0,2018.1,2018.0,,Ampla Concorrência,Concluído,8.5,0.0,23.57
F,2003-03-11,SISU Escola Publica - Indep. de Renda,Sem evasão,2008/1,1.0,,,6.4534,icarai,NITEROI,Rio de Janeiro,,,2022.1,2022.0,18.0,Cotas,Cursando,6.5,,8.44
F,2001-10-04,SISU Ampla Concorrencia,Sem evasão,2008/1,1.0,,,7.8367,gloria,RIO DE JANEIRO,Rio de Janeiro,,,2019.1,2019.0,17.0,Ampla Concorrência,Cursando,8.0,,4.01
M,1993-08-09,SISU Ampla Concorrencia,Sem evasão,2008/1,1.0,,,3.4681,olaria,RIO DE JANEIRO,Rio de Janeiro,,,2016.1,2016.0,22.0,Ampla Concorrência,Cursando,3.5,,96.6
M,1983-08-06,SISU Ampla Concorrencia,CAN - Cancelamento Geral do curso,2008/1,1.0,2015-10-22,2.0,0.0307,cachambi,RIO DE JANEIRO,Rio de Janeiro,2015.2,2015.0,2014.1,2014.0,30.0,Ampla Concorrência,Evasão,0.0,,13.03
M,,SISU Ampla Concorrencia,Sem evasão,2008/1,1.0,,,9.5003,jardim guanabara,RIO DE JANEIRO,Rio de Janeiro,,,2020.1,2020.0,,Ampla Concorrência,Cursando,9.5,,16.0
M,,SISU Ampla Concorrencia,Sem evasão,2008/1,1.0,,,5.6645,pechincha,RIO DE JANEIRO,Rio de Janeiro,,,2018.1,2018.0,,Ampla Concorrência,Cursando,5.5,,19.22
M,,SISU Ampla Concorrencia,CAN - Cancelamento Geral do curso,2008/1,2.0,2016-04-11,1.0,0.0,vila isabel,RIO DE JANEIRO,Rio de Janeiro,2016.1,2016.0,2015.2,2015.0,,Ampla Concorrência,Evasão,0.0,,9.45
M,,SISU Ampla Concorrencia,Sem evasão,2008/1,2.0,,,0.847,alto da boa vista,TERESOPOLIS,Rio de Janeiro,,,2022.2,2022.0,,Ampla Concorrência,Cursando,1.0,,8.82
M,,SISU Ampla Concorrencia,Sem evasão,2008/1,2.0,,,8.6661,tijuca,RIO DE JANEIRO,Rio de Janeiro,,,2017.2,2017.0,,Ampla Concorrência,Cursando,8.5,,7.39
M,1998-02-09,SISU Escola Publica - Indep. de Renda,Sem evasão,2008/1,1.0,,,8.824,vila da penha,Rio de Janeiro,Rio de Janeiro,,,2020.1,2020.0,21.0,Cotas,Cursando,9.0,,19.04
M,1999-09-06,SISU Escola Publica - Indep. de Renda,Sem evasão,2008/1,1.0,,,8.2416,itanhanga,RIO DE JANEIRO,Rio de Janeiro,,,2018.1,2018.0,18.0,Cotas,Cursando,8.0,,14.51
M,2002-03-11,SISU Escola Publica - Indep. de Renda,Sem evasão,2008/1,2.0,,,7.9581,copacabana,RIO DE JANEIRO,Rio de Janeiro,,,2021.2,2021.0,19.0,Cotas,Cursando,8.0,,2.59
M,,SISU Ampla Concorrencia,Sem evasão,2008/1,1.0,,,7.8954,tijuca,RIO DE JANEIRO,Rio de Janeiro,,,2019.1,2019.0,,Ampla Concorrência,Cursando,8.0,,7.39
M,,SISU Ampla Concorrencia,CAN - Cancelamento Geral do curso,2008/1,2.0,2016-04-28,1.0,0.0,copacabana,RIO DE JANEIRO,Rio de Janeiro,2016.1,2016.0,2015.2,2015.0,,Ampla Concorrência,Evasão,0.0,,2.59
M,,SISU Ampla Concorrencia,CAN - Cancelamento Geral do curso,2008/1,2.0,2016-04-28,1.0,0.0,flamengo,RIO DE JANEIRO,Rio de Janeiro,2016.1,2016.0,2015.2,2015.0,,Ampla Concorrência,Evasão,0.0,,2.33
M,,SISU Ampla Concorrencia,Sem evasão,2008/1,1.0,,,6.801,santa cruz,RIO DE JANEIRO,Rio de Janeiro,,,2020.1,2020.0,,Ampla Concorrência,Cursando,7.0,,53.03
F,,SISU Ampla Concorrencia,CAN - Cancelamento Geral do curso,2008/1,1.0,2014-06-09,1.0,1.0769,praca da bandeira,RIO DE JANEIRO,Rio de Janeiro,2014.1,2014.0,2014.1,2014.0,,Ampla Concorrência,Evasão,1.0,,6.64
F,,SISU Ampla Concorrencia,CAN - Cancelamento Geral do curso,2008/1,1.0,2014-06-09,1.0,1.0769,praca da bandeira,RIO DE JANEIRO,Rio de Janeiro,2014.1,2014.0,2014.1,2014.0,,Ampla Concorrência,Evasão,1.0,,6.64
M,,SISU Ampla Concorrencia,CAN - Cancelamento Geral do curso,2008/1,2.0,2022-11-29,2.0,1.9476,botafogo,RIO DE JANEIRO,Rio de Janeiro,2022.2,2022.0,2019.2,2019.0,,Ampla Concorrência,Evasão,2.0,,1.37
F,2000-07-12,SISU Escola Publica - Indep. de Renda,Sem evasão,2008/1,1.0,,,7.888,engenho novo,RIO DE JANEIRO,Rio de Janeiro,,,2020.1,2020.0,19.0,Cotas,Cursando,8.0,,11.39
M,,"SISU Escola Pública até 1,5 S.M Preto e Pardo",Sem evasão,2008/1,2.0,,,7.6201,jardim america,RIO DE JANEIRO,Rio de Janeiro,,,2019.2,2019.0,,Cotas,Cursando,7.5,,22.55
M,1999-10-07,SISU Ampla Concorrencia,Sem evasão,2008/1,1.0,,,5.6142,tijuca,RIO DE JANEIRO,Rio de Janeiro,,,2020.1,2020.0,20.0,Ampla Concorrência,Cursando,5.5,,7.39
M,2003-10-06,SISU Ampla Concorrencia,Sem evasão,2008/1,1.0,,,7.7838,laranjeiras,RIO DE JANEIRO,Rio de Janeiro,,,2021.1,2021.0,17.0,Ampla Concorrência,Cursando,8.0,,2.99
M,,SISU Ampla Concorrencia,CON - Curso concluído,2008/1,1.0,2018-09-17,1.0,8.7007,botafogo,RIO DE JANEIRO,Rio de Janeiro,2018.1,2018.0,2014.1,2014.0,,Ampla Concorrência,Concluído,8.5,0.0,1.37
M,1997-08-08,"SISU Escola Pública até 1,5 S.M Preto e Pardo",Sem evasão,2008/1,1.0,,,4.2138,sao cristovao,RIO DE JANEIRO,Rio de Janeiro,,,2020.1,2020.0,22.0,Cotas,Cursando,4.0,,8.21
M,,SISU Ampla Concorrencia,CAN - Cancelamento Geral do curso,2008/1,2.0,2023-02-13,2.0,9.2454,santa cruz,RIO DE JANEIRO,Rio de Janeiro,2022.2,2022.0,2021.2,2021.0,,Ampla Concorrência,Evasão,9.0,,53.03
M,,SISU Ampla Concorrencia,CON - Curso concluído,2008/1,2.0,2019-05-20,2.0,7.4454,copacabana,RIO DE JANEIRO,Rio de Janeiro,2018.2,2018.0,2015.2,2015.0,,Ampla Concorrência,Concluído,7.5,0.0,2.59
M,2000-03-11,SISU Escola Publica - Indep. de Renda,Sem evasão,2008/1,1.0,,,7.8943,copacabana,RIO DE JANEIRO,Rio de Janeiro,,,2019.1,2019.0,18.0,Cotas,Cursando,8.0,,2.59
M,,SISU Ampla Concorrencia,Sem evasão,2008/1,2.0,,,6.1148,anil,RIO DE JANEIRO,Rio de Janeiro,,,2016.2,2016.0,,Ampla Concorrência,Cursando,6.0,,17.48
M,1999-09-08,"SISU Escola Pública até 1,5 S.M Preto e Pardo",Sem evasão,2008/1,1.0,,,7.951,jardim america,RIO DE JANEIRO,Rio de Janeiro,,,2020.1,2020.0,20.0,Cotas,Cursando,8.0,,22.55
M,,SISU Ampla Concorrencia,CON - Curso concluído,2008/1,1.0,2022-11-09,2.0,8.5503,engenho novo,RIO DE JANEIRO,Rio de Janeiro,2022.2,2022.0,2019.1,2019.0,,Ampla Concorrência,Concluído,8.5,0.0,11.39
M,2003-11-06,SISU Ampla Concorrencia,TIC - Transferência Interna,2008/1,1.0,2023-03-13,1.0,7.1436,copacabana,RIO DE JANEIRO,Rio de Janeiro,2023.1,2023.0,2021.1,2021.0,17.0,Ampla Concorrência,Evasão,7.0,,2.59
M,,SISU Ampla Concorrencia,Sem evasão,2008/1,1.0,,,7.3554,praca seca,RIO DE JANEIRO,Rio de Janeiro,,,2016.1,2016.0,,Ampla Concorrência,Cursando,7.5,,19.91
M,,SISU Ampla Concorrencia,CON - Curso concluído,2008/1,1.0,2021-07-06,1.0,6.4539,maria da graca,RIO DE JANEIRO,Rio de Janeiro,2020.1,2020.0,2016.1,2016.0,,Ampla Concorrência,Concluído,6.5,0.0,12.6
M,,SISU Escola Publica - Indep. de Renda,ABA - Abandono do curso,2008/1,1.0,2018-10-18,2.0,0.1818,flamengo,RIO DE JANEIRO,Rio de Janeiro,2018.2,2018.0,2018.1,2018.0,,Cotas,Evasão,0.0,,2.33
M,,SISU Ampla Concorrencia,Sem evasão,2008/1,1.0,,,7.4842,recreio dos bandeirantes,RIO DE JANEIRO,Rio de Janeiro,,,2016.1,2016.0,,Ampla Concorrência,Cursando,7.5,,31.12
M,1992-01-09,SISU Escola Publica - Indep. de Renda,Sem evasão,2008/1,1.0,,,5.1276,catete,RIO DE JANEIRO,Rio de Janeiro,,,2016.1,2016.0,23.0,Cotas,Cursando,5.0,,3.26
M,,SISU Escola Publica - Indep. de Renda,JUB - Jubilamento,2008/1,2.0,2016-06-24,1.0,0.0,penha,RIO DE JANEIRO,Rio de Janeiro,2016.1,2016.0,2015.2,2015.0,,Cotas,Evasão,0.0,,16.99
M,,SISU Escola Publica - Indep. de Renda,JUB - Jubilamento,2008/1,2.0,2016-06-24,1.0,0.0,vila da penha,RIO DE JANEIRO,Rio de Janeiro,2016.1,2016.0,2015.2,2015.0,,Cotas,Evasão,0.0,,19.04
M,1996-03-07,SISU Ampla Concorrencia,Sem evasão,2008/1,2.0,,,7.0005,ilha do governador,RIO DE JANEIRO,Rio de Janeiro,,,2018.2,2018.0,22.0,Ampla Concorrência,Cursando,7.0,,17.37
M,,SISU Escola Publica - Indep. de Renda,Sem evasão,2008/1,2.0,,,8.785,botafogo,RIO DE JANEIRO,Rio de Janeiro,,,2022.2,2022.0,,Cotas,Cursando,9.0,,1.37
M,,SISU Ampla Concorrencia,Sem evasão,2008/1,1.0,,,6.438,flamengo,RIO DE JANEIRO,Rio de Janeiro,,,2018.1,2018.0,,Ampla Concorrência,Cursando,6.5,,2.33
F,,SISU Ampla Concorrencia,Sem evasão,2008/1,2.0,,,8.9155,cachambi,RIO DE JANEIRO,Rio de Janeiro,,,2019.2,2019.0,,Ampla Concorrência,Cursando,9.0,,13.03
F,,SISU Ampla Concorrencia,CON - Curso concluído,2008/1,1.0,2022-06-24,2.0,8.8306,barra da tijuca,RIO DE JANEIRO,Rio de Janeiro,2021.2,2021.0,2018.1,2018.0,,Ampla Concorrência,Concluído,9.0,0.0,20.93
M,,SISU Ampla Concorrencia,CON - Curso concluído,2008/1,2.0,2022-06-24,2.0,8.6488,recreio dos bandeirantes,RIO DE JANEIRO,Rio de Janeiro,2021.2,2021.0,2017.2,2017.0,,Ampla Concorrência,Concluído,8.5,0.0,31.12
M,2004-07-02,SISU Ampla Concorrencia,Sem evasão,2008/1,2.0,,,0.0227,recreio dos bandeirantes,RIO DE JANEIRO,Rio de Janeiro,,,2022.2,2022.0,17.0,Ampla Concorrência,Cursando,0.0,,31.12
M,,SISU Ampla Concorrencia,Sem evasão,2008/1,1.0,,,7.7998,botafogo,RIO DE JANEIRO,Rio de Janeiro,,,2021.1,2021.0,,Ampla Concorrência,Cursando,8.0,,1.37
F,2003-08-04,SISU Escola Publica - Indep. de Renda,Sem evasão,2008/1,1.0,,,9.6212,maracana,RIO DE JANEIRO,Rio de Janeiro,,,2022.1,2022.0,18.0,Cotas,Cursando,9.5,,7.97
F,,"SISU Escola Pública até 1,5 S.M Preto e Pardo",Sem evasão,2008/1,2.0,,,3.3045,grajau,RIO DE JANEIRO,Rio de Janeiro,,,2022.2,2022.0,,Cotas,Cursando,3.5,,10.5
M,,SISU Ampla Concorrencia,Sem evasão,2008/1,2.0,,,5.459,jardim gramacho,DUQUE DE CAXIAS,Rio de Janeiro,,,2014.2,2014.0,,Ampla Concorrência,Cursando,5.5,,24.95
M,1997-05-09,SISU Escola Publica - Indep. de Renda,Sem evasão,2008/1,2.0,,,6.6413,bairro das gracas,BELFORD ROXO,Rio de Janeiro,,,2015.2,2015.0,18.0,Cotas,Cursando,6.5,,31.99
F,,SISU Escola Publica - Indep. de Renda,Sem evasão,2008/1,2.0,,,8.833,copacabana,RIO DE JANEIRO,Rio de Janeiro,,,2018.2,2018.0,,Cotas,Cursando,9.0,,2.59
F,,SISU Ampla Concorrencia,Sem evasão,2008/1,2.0,,,8.2318,pavuna,RIO DE JANEIRO,Rio de Janeiro,,,2022.2,2022.0,,Ampla Concorrência,Cursando,8.0,,25.14
M,,SISU Escola Publica - Indep. de Renda,ABA - Abandono do curso,2008/1,2.0,2019-05-20,1.0,7.809,parque anchieta,RIO DE JANEIRO,Rio de Janeiro,2019.1,2019.0,2016.2,2016.0,,Cotas,Evasão,8.0,,28.62
F,,SISU Ampla Concorrencia,Sem evasão,2008/1,2.0,,,0.0,copacabana,RIO DE JANEIRO,Rio de Janeiro,,,2020.2,2020.0,,Ampla Concorrência,Cursando,0.0,,2.59
M,,SISU Ampla Concorrencia,CON - Curso concluído,2008/1,1.0,2021-04-21,1.0,8.7288,botafogo,RIO DE JANEIRO,Rio de Janeiro,2020.1,2020.0,2017.1,2017.0,,Ampla Concorrência,Concluído,8.5,0.0,1.37
M,,SISU Ampla Concorrencia,Sem evasão,2008/1,1.0,,,6.7721,engenho de dentro,RIO DE JANEIRO,Rio de Janeiro,,,2020.1,2020.0,,Ampla Concorrência,Cursando,7.0,,14.39
M,,SISU Escola Publica - Indep. de Renda,JUB - Jubilamento,2008/1,1.0,2016-06-24,1.0,0.2615,copacabana,RIO DE JANEIRO,Rio de Janeiro,2016.1,2016.0,2015.1,2015.0,,Cotas,Evasão,0.5,,2.59
M,,SISU Ampla Concorrencia,Sem evasão,2008/1,2.0,,,6.81,taua,RIO DE JANEIRO,Rio de Janeiro,,,2018.2,2018.0,,Ampla Concorrência,Cursando,7.0,,17.42
M,1997-09-05,SISU Ampla Concorrencia,JUB - Jubilamento,2008/1,2.0,2017-07-04,1.0,3.9384,taquara,RIO DE JANEIRO,Rio de Janeiro,2017.1,2017.0,2015.2,2015.0,17.0,Ampla Concorrência,Evasão,4.0,,22.51
M,,SISU Ampla Concorrencia,Sem evasão,2008/1,2.0,,,7.7641,andarai,RIO DE JANEIRO,Minas Gerais,,,2019.2,2019.0,,Ampla Concorrência,Cursando,8.0,,9.2
M,,SISU Escola Publica - Indep. de Renda,CON - Curso concluído,2008/1,2.0,2021-03-16,1.0,8.4119,bento ribeiro,RIO DE JANEIRO,Rio de Janeiro,2020.1,2020.0,2015.2,2015.0,,Cotas,Concluído,8.5,0.0,22.03
M,,"SISU Escola Pública até 1,5 S.M Preto e Pardo",CON - Curso concluído,2008/1,1.0,2020-10-22,2.0,8.5493,sepetiba,RIO DE JANEIRO,Rio de Janeiro,2019.2,2019.0,2016.1,2016.0,,Cotas,Concluído,8.5,0.0,53.98
M,1999-01-12,SISU Ampla Concorrencia,Sem evasão,2008/1,2.0,,,3.0837,campo grande,RIO DE JANEIRO,Rio de Janeiro,,,2021.2,2021.0,22.0,Ampla Concorrência,Cursando,3.0,,40.52
M,,SISU Ampla Concorrencia,Sem evasão,2008/1,2.0,,,7.6802,itanhanga,RIO DE JANEIRO,Rio de Janeiro,,,2017.2,2017.0,,Ampla Concorrência,Cursando,7.5,,14.51
F,,SISU Ampla Concorrencia,CAN - Cancelamento Geral do curso,2008/1,1.0,2023-01-31,2.0,5.8363,tijuca,RIO DE JANEIRO,Rio de Janeiro,2022.2,2022.0,2022.1,2022.0,,Ampla Concorrência,Evasão,6.0,,7.39
F,2001-11-01,SISU Ampla Concorrencia,Sem evasão,2008/1,1.0,,,8.4893,copacabana,RIO DE JANEIRO,Rio de Janeiro,,,2019.1,2019.0,17.0,Ampla Concorrência,Cursando,8.5,,2.59
F,,"SISU Escola Pública até 1,5 S.M Preto e Pardo",Sem evasão,2008/1,1.0,,,7.9932,ramos,RIO DE JANEIRO,Rio de Janeiro,,,2021.1,2021.0,,Cotas,Cursando,8.0,,14.44
F,,"SISU Escola Pública até 1,5 S.M Preto e Pardo",Sem evasão,2008/1,2.0,,,5.0001,meier,RIO DE JANEIRO,Rio de Janeiro,,,2015.2,2015.0,,Cotas,Cursando,5.0,,12.84
F,,SISU Ampla Concorrencia,Sem evasão,2008/1,1.0,,,8.6348,flamengo,RIO DE JANEIRO,Rio de Janeiro,,,2022.1,2022.0,,Ampla Concorrência,Cursando,8.5,,2.33
F,1995-03-10,SISU Ampla Concorrencia,Sem evasão,2008/1,2.0,,,8.9658,cachambi,RIO DE JANEIRO,Rio de Janeiro,,,2019.2,2019.0,24.0,Ampla Concorrência,Cursando,9.0,,13.03
F,2001-06-07,SISU Escola Publica - Indep. de Renda,Sem evasão,2008/1,2.0,,,7.9921,piratininga,NITEROI,Rio de Janeiro,,,2020.2,2020.0,19.0,Cotas,Cursando,8.0,,10.37
F,,SISU Ampla Concorrencia,CON - Curso concluído,2008/1,1.0,2020-10-02,2.0,9.2726,tijuca,RIO DE JANEIRO,Rio de Janeiro,2019.2,2019.0,2016.1,2016.0,,Ampla Concorrência,Concluído,9.5,0.0,7.39
F,,SISU Escola Publica - Indep. de Renda,CON - Curso concluído,2008/1,1.0,2020-10-02,2.0,7.8637,engenho de dentro,RIO DE JANEIRO,Rio de Janeiro,2019.2,2019.0,2014.1,2014.0,,Cotas,Concluído,8.0,0.0,14.39
M,,SISU Escola Publica - Indep. de Renda,Sem evasão,2008/1,2.0,,,7.2422,maracana,RIO DE JANEIRO,Rio de Janeiro,,,2017.2,2017.0,,Cotas,Cursando,7.0,,7.97
M,,SISU Escola Publica - Indep. de Renda,Sem evasão,2008/1,1.0,,,8.9127,jacarepagua,RIO DE JANEIRO,Rio de Janeiro,,,2022.1,2022.0,,Cotas,Cursando,9.0,,20.9
M,2002-04-06,"SISU Escola Pública até 1,5 S.M Preto e Pardo",Sem evasão,2008/1,1.0,,,3.994,iraja,RIO DE JANEIRO,Rio de Janeiro,,,2021.1,2021.0,18.0,Cotas,Cursando,4.0,,20.68
M,,SISU Ampla Concorrencia,Sem evasão,2008/1,1.0,,,8.7151,colegio,RIO DE JANEIRO,Rio de Janeiro,,,2018.1,2018.0,,Ampla Concorrência,Cursando,8.5,,21.37
M,1998-07-11,SISU Ampla Concorrencia,CON - Curso concluído,2008/1,1.0,2022-06-27,2.0,7.6217,meier,RIO DE JANEIRO,Rio de Janeiro,2021.2,2021.0,2017.1,2017.0,18.0,Ampla Concorrência,Concluído,7.5,0.0,12.84
M,,SISU Ampla Concorrencia,Sem evasão,2008/1,1.0,,,6.6871,copacabana,RIO DE JANEIRO,Rio de Janeiro,,,2022.1,2022.0,,Ampla Concorrência,Cursando,6.5,,2.59
M,,SISU Ampla Concorrencia,Sem evasão,2008/1,2.0,,,7.9381,nossa senhora das gracas,RIO DE JANEIRO,Rio de Janeiro,,,2021.2,2021.0,,Ampla Concorrência,Cursando,8.0,,107.39
M,,SISU Ampla Concorrencia,Sem evasão,2008/1,2.0,,,7.5886,santa terezinha,MESQUITA,Rio de Janeiro,,,2019.2,2019.0,,Ampla Concorrência,Cursando,7.5,,
M,2001-05-12,SISU Ampla Concorrencia,Sem evasão,2008/1,2.0,,,8.4111,barra da tijuca,RIO DE JANEIRO,Rio de Janeiro,,,2020.2,2020.0,19.0,Ampla Concorrência,Cursando,8.5,,20.93
M,2001-12-03,"SISU Escola Pública até 1,5 S.M Preto e Pardo",CAN - Cancelamento Geral do curso,2008/1,2.0,2022-05-06,1.0,4.9857,penha circular,RIO DE JANEIRO,Rio de Janeiro,2022.1,2022.0,2019.2,2019.0,17.0,Cotas,Evasão,5.0,,17.98
M,,SISU Ampla Concorrencia,Sem evasão,2008/1,1.0,,,8.5317,jardim guanabara,RIO DE JANEIRO,Rio de Janeiro,,,2019.1,2019.0,,Ampla Concorrência,Cursando,8.5,,16.0
M,,"SISU Escola Pública até 1,5 S.M Preto e Pardo",Sem evasão,2008/1,1.0,,,5.8362,recreio dos bandeirantes,RIO DE JANEIRO,Rio de Janeiro,,,2019.1,2019.0,,Cotas,Cursando,6.0,,31.12
M,,SISU Ampla Concorrencia,Sem evasão,2008/1,2.0,,,8.8928,catete,RIO DE JANEIRO,Rio de Janeiro,,,2021.2,2021.0,,Ampla Concorrência,Cursando,9.0,,3.26
M,1996-01-05,SISU Ampla Concorrencia,Sem evasão,2008/1,2.0,,,4.4901,taquara,RIO DE JANEIRO,Rio de Janeiro,,,2018.2,2018.0,22.0,Ampla Concorrência,Cursando,4.5,,22.51
M,1996-04-08,SISU Ampla Concorrencia,Sem evasão,2008/1,2.0,,,9.2443,vila kosmos,RIO DE JANEIRO,Rio de Janeiro,,,2018.2,2018.0,22.0,Ampla Concorrência,Cursando,9.0,,17.78
M,,SISU Ampla Concorrencia,Sem evasão,2008/1,2.0,,,4.0088,laranjeiras,RIO DE JANEIRO,Rio de Janeiro,,,2018.2,2018.0,,Ampla Concorrência,Cursando,4.0,,2.99
M,,"SISU Escola Pública até 1,5 S.M Preto e Pardo",Sem evasão,2008/1,1.0,,,4.6021,vila leopoldina,DUQUE DE CAXIAS,Rio de Janeiro,,,2020.1,2020.0,,Cotas,Cursando,4.5,,26.06
M,,SISU Ampla Concorrencia,Sem evasão,2008/1,2.0,,,8.3727,copacabana,RIO DE JANEIRO,Rio de Janeiro,,,2022.2,2022.0,,Ampla Concorrência,Cursando,8.5,,2.59
F,,SISU Ampla Concorrencia,CON - Curso concluído,2008/1,1.0,2020-10-02,2.0,7.812,botafogo,RIO DE JANEIRO,Rio de Janeiro,2019.2,2019.0,2016.1,2016.0,,Ampla Concorrência,Concluído,8.0,0.0,1.37
F,1995-12-07,SISU Escola Publica - Indep. de Renda,CAN - Cancelamento Geral do curso,2008/1,2.0,2015-10-22,2.0,0.0533,sao francisco xavier,RIO DE JANEIRO,Rio de Janeiro,2015.2,2015.0,2014.2,2014.0,18.0,Cotas,Evasão,0.0,,9.52
F,,"SISU Escola Pública até 1,5 S.M Preto e Pardo",Sem evasão,2008/1,2.0,,,8.3794,grajau,RIO DE JANEIRO,Rio de Janeiro,,,2020.2,2020.0,,Cotas,Cursando,8.5,,10.5
M,,SISU Ampla Concorrencia,Sem evasão,2008/1,2.0,,,8.1558,raul veiga,SAO GONCALO,Rio de Janeiro,,,2018.2,2018.0,,Ampla Concorrência,Cursando,8.0,,22.53
M,1954-12-06,SISU Escola Publica - Indep. de Renda,Sem evasão,2008/1,2.0,,,8.628,laranjeiras,RIO DE JANEIRO,Rio de Janeiro,,,2018.2,2018.0,63.0,Cotas,Cursando,8.5,,2.99
F,,SISU Ampla Concorrencia,Sem evasão,2008/1,2.0,,,7.582,jardim carioca,RIO DE JANEIRO,Rio de Janeiro,,,2019.2,2019.0,,Ampla Concorrência,Cursando,7.5,,16.68
F,,SISU Ampla Concorrencia,CON - Curso concluído,2008/1,1.0,2021-04-21,1.0,5.381,pavuna,RIO DE JANEIRO,Rio de Janeiro,2020.1,2020.0,2014.1,2014.0,,Ampla Concorrência,Concluído,5.5,0.0,25.14
F,,"SISU Escola Pública até 1,5 S.M Preto e Pardo",ABA - Abandono do curso,2008/1,2.0,2019-05-20,1.0,2.4104,guaratiba,RIO DE JANEIRO,Rio de Janeiro,2019.1,2019.0,2015.2,2015.0,,Cotas,Evasão,2.5,,42.95
M,,SISU Ampla Concorrencia,Sem evasão,2008/1,1.0,,,8.1689,santo cristo,RIO DE JANEIRO,Rio de Janeiro,,,2020.1,2020.0,,Ampla Concorrência,Cursando,8.0,,6.93
M,,SISU Ampla Concorrencia,Sem evasão,2008/1,2.0,,,6.0733,andarai,RIO DE JANEIRO,Minas Gerais,,,2015.2,2015.0,,Ampla Concorrência,Cursando,6.0,,9.2
M,,SISU Ampla Concorrencia,Sem evasão,2008/1,2.0,,,6.8512,grajau,RIO DE JANEIRO,Rio de Janeiro,,,2016.2,2016.0,,Ampla Concorrência,Cursando,7.0,,10.5
M,1984-02-10,SISU Ampla Concorrencia,CAN - Cancelamento Geral do curso,2008/1,1.0,2019-04-08,1.0,5.88,copacabana,RIO DE JANEIRO,Rio de Janeiro,2019.1,2019.0,2016.1,2016.0,31.0,Ampla Concorrência,Evasão,6.0,,2.59
M,1984-02-10,SISU Ampla Concorrencia,CAN - Cancelamento Geral do curso,2008/1,1.0,2019-04-08,1.0,5.88,copacabana,RIO DE JANEIRO,Rio de Janeiro,2019.1,2019.0,2016.1,2016.0,31.0,Ampla Concorrência,Evasão,6.0,,2.59
M,,"SISU Escola Pública até 1,5 S.M Preto e Pardo",Sem evasão,2008/1,1.0,,,4.8319,encantado,RIO DE JANEIRO,Rio de Janeiro,,,2019.1,2019.0,,Cotas,Cursando,5.0,,15.32
M,,SISU Escola Publica - Indep. de Renda,Sem evasão,2008/1,2.0,,,7.4772,vila da penha,RIO DE JANEIRO,Rio de Janeiro,,,2022.2,2022.0,,Cotas,Cursando,7.5,,19.04
M,,SISU Ampla Concorrencia,Sem evasão,2008/1,1.0,,,5.8705,botafogo,RIO DE JANEIRO,Rio de Janeiro,,,2020.1,2020.0,,Ampla Concorrência,Cursando,6.0,,1.37
M,,"SISU Escola Pública até 1,5 S.M Preto e Pardo",Sem evasão,2008/1,1.0,,,1.7584,gamboa,RIO DE JANEIRO,Rio de Janeiro,,,2019.1,2019.0,,Cotas,Cursando,2.0,,6.74
M,2002-09-08,"SISU Escola Pública até 1,5 S.M Preto e Pardo",Sem evasão,2008/1,1.0,,,6.0953,gloria,RIO DE JANEIRO,Rio de Janeiro,,,2022.1,2022.0,19.0,Cotas,Cursando,6.0,,4.01
M,2000-11-10,"SISU Escola Pública até 1,5 S.M Preto e Pardo",Sem evasão,2008/1,2.0,,,6.8072,bonsucesso,RIO DE JANEIRO,Rio de Janeiro,,,2020.2,2020.0,19.0,Cotas,Cursando,7.0,,13.11
M,,SISU Ampla Concorrencia,Sem evasão,2008/1,2.0,,,8.8378,recreio dos bandeirantes,RIO DE JANEIRO,Rio de Janeiro,,,2019.2,2019.0,,Ampla Concorrência,Cursando,9.0,,31.12
M,,SISU Ampla Concorrencia,Sem evasão,2008/1,2.0,,,7.3363,tijuca,RIO DE JANEIRO,Rio de Janeiro,,,2022.2,2022.0,,Ampla Concorrência,Cursando,7.5,,7.39
M,1996-09-06,SISU Ampla Concorrencia,Sem evasão,2008/1,2.0,,,4.5838,cosmorama,MESQUITA,Minas Gerais,,,2017.2,2017.0,20.0,Ampla Concorrência,Cursando,4.5,,
M,2001-10-10,SISU Escola Publica - Indep. de Renda,Sem evasão,2008/1,2.0,,,6.31,tijuca,RIO DE JANEIRO,Rio de Janeiro,,,2022.2,2022.0,20.0,Cotas,Cursando,6.5,,7.39
M,,SISU Ampla Concorrencia,Sem evasão,2008/1,1.0,,,4.6866,flamengo,RIO DE JANEIRO,Rio de Janeiro,,,2019.1,2019.0,,Ampla Concorrência,Cursando,4.5,,2.33
M,2000-12-12,SISU Escola Publica - Indep. de Renda,Sem evasão,2008/1,1.0,,,8.5653,vila isabel,RIO DE JANEIRO,Rio de Janeiro,,,2020.1,2020.0,19.0,Cotas,Cursando,8.5,,9.45
M,,SISU Ampla Concorrencia,Sem evasão,2008/1,2.0,,,7.1285,barra da tijuca,RIO DE JANEIRO,Rio de Janeiro,,,2016.2,2016.0,,Ampla Concorrência,Cursando,7.0,,20.93
M,1996-10-12,SISU Ampla Concorrencia,Sem evasão,2008/1,1.0,,,7.8398,freguesia,RIO DE JANEIRO,Rio de Janeiro,,,2017.1,2017.0,20.0,Ampla Concorrência,Cursando,8.0,,17.93
M,,"SISU Escola Pública até 1,5 S.M Preto e Pardo",Sem evasão,2008/1,2.0,,,6.5636,glaucia,BELFORD ROXO,Rio de Janeiro,,,2022.2,2022.0,,Cotas,Cursando,6.5,,28.81
M,,SISU Ampla Concorrencia,Sem evasão,2008/1,2.0,,,5.8839,todos os santos,RIO DE JANEIRO,Rio de Janeiro,,,2019.2,2019.0,,Ampla Concorrência,Cursando,6.0,,13.7
F,1986-08-05,SISU Ampla Concorrencia,CAN - Cancelamento Geral do curso,2008/1,2.0,2018-08-24,2.0,7.1222,tijuca,RIO DE JANEIRO,Rio de Janeiro,2018.2,2018.0,2016.2,2016.0,29.0,Ampla Concorrência,Evasão,7.0,,7.39
F,2001-06-01,SISU Escola Publica - Indep. de Renda,Sem evasão,2008/1,2.0,,,8.6234,ipanema,RIO DE JANEIRO,Rio de Janeiro,,,2020.2,2020.0,19.0,Cotas,Cursando,8.5,,4.83
F,,"SISU Escola Pública até 1,5 S.M Preto e Pardo",CAN - Cancelamento Geral do curso,2008/1,2.0,2020-09-07,1.0,1.6965,cascadura,RIO DE JANEIRO,Rio de Janeiro,2020.1,2020.0,2016.2,2016.0,,Cotas,Evasão,1.5,,18.19
M,,SISU Ampla Concorrencia,Sem evasão,2008/1,2.0,,,7.6076,barra da tijuca,RIO DE JANEIRO,Rio de Janeiro,,,2021.2,2021.0,,Ampla Concorrência,Cursando,7.5,,20.93
M,,SISU Ampla Concorrencia,Sem evasão,2008/1,1.0,,,5.6217,urca,RIO DE JANEIRO,Rio de Janeiro,,,2019.1,2019.0,,Ampla Concorrência,Cursando,5.5,,0.0
M,,SISU Ampla Concorrencia,Sem evasão,2008/1,1.0,,,6.047,freguesia,RIO DE JANEIRO,Rio de Janeiro,,,2017.1,2017.0,,Ampla Concorrência,Cursando,6.0,,17.93
M,,SISU Ampla Concorrencia,Sem evasão,2008/1,1.0,,,5.5055,tijuca,RIO DE JANEIRO,Rio de Janeiro,,,2019.1,2019.0,,Ampla Concorrência,Cursando,5.5,,7.39
M,,SISU Escola Publica - Indep. de Renda,Sem evasão,2008/1,1.0,,,7.8688,iraja,RIO DE JANEIRO,Rio de Janeiro,,,2021.1,2021.0,,Cotas,Cursando,8.0,,20.68
M,1996-12-07,SISU Ampla Concorrencia,Sem evasão,2008/1,2.0,,,8.8737,cachambi,RIO DE JANEIRO,Rio de Janeiro,,,2018.2,2018.0,21.0,Ampla Concorrência,Cursando,9.0,,13.03
M,,SISU Ampla Concorrencia,JUB - Jubilamento,2008/1,2.0,2016-06-24,1.0,0.0,bancarios,RIO DE JANEIRO,Rio de Janeiro,2016.1,2016.0,2015.2,2015.0,,Ampla Concorrência,Evasão,0.0,,18.02
M,,SISU Ampla Concorrencia,Sem evasão,2008/1,1.0,,,8.1265,taua,RIO DE JANEIRO,Rio de Janeiro,,,2018.1,2018.0,,Ampla Concorrência,Cursando,8.0,,17.42
M,,SISU Ampla Concorrencia,CAN - Cancelamento Geral do curso,2008/1,2.0,2018-05-14,1.0,6.748,copacabana,RIO DE JANEIRO,Rio de Janeiro,2018.1,2018.0,2015.2,2015.0,,Ampla Concorrência,Evasão,6.5,,2.59
M,,SISU Ampla Concorrencia,CAN - Cancelamento Geral do curso,2008/1,2.0,2018-05-14,1.0,6.748,copacabana,RIO DE JANEIRO,Rio de Janeiro,2018.1,2018.0,2015.2,2015.0,,Ampla Concorrência,Evasão,6.5,,2.59
M,,SISU Escola Publica - Indep. de Renda,Sem evasão,2008/1,1.0,,,6.5733,botafogo,RIO DE JANEIRO,Rio de Janeiro,,,2015.1,2015.0,,Cotas,Cursando,6.5,,1.37
M,,SISU Ampla Concorrencia,Sem evasão,2008/1,1.0,,,4.9968,laranjeiras,RIO DE JANEIRO,Rio de Janeiro,,,2020.1,2020.0,,Ampla Concorrência,Cursando,5.0,,2.99
M,,SISU Ampla Concorrencia,Sem evasão,2008/1,1.0,,,8.3463,plante cafe,MIGUEL PEREIRA,Rio de Janeiro,,,2022.1,2022.0,,Ampla Concorrência,Cursando,8.5,,
M,1999-07-07,SISU Ampla Concorrencia,Sem evasão,2008/1,1.0,,,8.3915,bras de pina,RIO DE JANEIRO,Rio de Janeiro,,,2019.1,2019.0,19.0,Ampla Concorrência,Cursando,8.5,,18.98
M,,SISU Ampla Concorrencia,Sem evasão,2008/1,1.0,,,8.2747,jacarepagua,RIO DE JANEIRO,Rio de Janeiro,,,2021.1,2021.0,,Ampla Concorrência,Cursando,8.5,,20.9
M,,SISU Ampla Concorrencia,Sem evasão,2008/1,2.0,,,7.3772,rio comprido,RIO DE JANEIRO,Rio de Janeiro,,,2022.2,2022.0,,Ampla Concorrência,Cursando,7.5,,5.09
F,,SISU Ampla Concorrencia,Sem evasão,2008/1,1.0,,,8.4488,copacabana,Rio de Janeiro,Rio de Janeiro,,,2020.1,2020.0,,Ampla Concorrência,Cursando,8.5,,2.59
M,,"SISU Escola Pública até 1,5 S.M Preto e Pardo",Sem evasão,2008/1,2.0,,,1.4333,tomas coelho,RIO DE JANEIRO,Rio de Janeiro,,,2022.2,2022.0,,Cotas,Cursando,1.5,,17.1
M,,SISU Ampla Concorrencia,Sem evasão,2008/1,1.0,,,7.4847,pechincha,RIO DE JANEIRO,Rio de Janeiro,,,2017.1,2017.0,,Ampla Concorrência,Cursando,7.5,,19.22
M,,SISU Ampla Concorrencia,Sem evasão,2008/1,1.0,,,7.9759,jacarepagua,RIO DE JANEIRO,Rio de Janeiro,,,2019.1,2019.0,,Ampla Concorrência,Cursando,8.0,,20.9
M,,SISU Ampla Concorrencia,CON - Curso concluído,2008/1,1.0,2019-11-22,2.0,8.7905,rio de janeiro,RIO DE JANEIRO,Rio de Janeiro,2018.2,2018.0,2015.1,2015.0,,Ampla Concorrência,Concluído,9.0,0.0,6.39
F,,SISU Ampla Concorrencia,CON - Curso concluído,2008/1,2.0,2019-04-11,2.0,8.3406,laranjeiras,RIO DE JANEIRO,Rio de Janeiro,2018.2,2018.0,2014.2,2014.0,,Ampla Concorrência,Concluído,8.5,0.0,2.99
M,,SISU Ampla Concorrencia,CAN - Cancelamento Geral do curso,2008/1,1.0,2019-04-12,1.0,7.032,jardim botanico,RIO DE JANEIRO,Rio de Janeiro,2019.1,2019.0,2015.1,2015.0,,Ampla Concorrência,Evasão,7.0,,5.78
M,,SISU Ampla Concorrencia,CAN - Cancelamento Geral do curso,2008/1,1.0,2019-04-12,1.0,7.032,lagoa,RIO DE JANEIRO,Rio de Janeiro,2019.1,2019.0,2015.1,2015.0,,Ampla Concorrência,Evasão,7.0,,3.66
M,,SISU Escola Publica - Indep. de Renda,Desistência SiSU,2008/1,2.0,2017-09-25,2.0,0.0,catete,RIO DE JANEIRO,Rio de Janeiro,2017.2,2017.0,2017.2,2017.0,,Cotas,Evasão,0.0,,3.26
F,,SISU Ampla Concorrencia,CON - Curso concluído,2008/1,1.0,2022-03-22,1.0,9.4934,copacabana,RIO DE JANEIRO,Rio de Janeiro,2021.1,2021.0,2016.1,2016.0,,Ampla Concorrência,Concluído,9.5,0.0,2.59
F,,SISU Ampla Concorrencia,CON - Curso concluído,2008/1,1.0,2022-03-22,1.0,9.4934,copacabana,RIO DE JANEIRO,Rio de Janeiro,2021.1,2021.0,2016.1,2016.0,,Ampla Concorrência,Concluído,9.5,0.0,2.59
M,1982-05-07,SISU Ampla Concorrencia,CON - Curso concluído,2008/1,2.0,2019-04-11,2.0,8.3865,botafogo,RIO DE JANEIRO,Rio de Janeiro,2018.2,2018.0,2014.2,2014.0,32.0,Ampla Concorrência,Concluído,8.5,0.0,1.37
M,,SISU Ampla Concorrencia,Sem evasão,2008/1,2.0,,,7.3382,jacarepagua,RIO DE JANEIRO,Rio de Janeiro,,,2021.2,2021.0,,Ampla Concorrência,Cursando,7.5,,20.9
M,,SISU Ampla Concorrencia,CON - Curso concluído,2008/1,2.0,2019-04-11,2.0,6.9342,cachambi,RIO DE JANEIRO,Rio de Janeiro,2018.2,2018.0,2016.2,2016.0,,Ampla Concorrência,Concluído,7.0,0.0,13.03
M,,SISU Ampla Concorrencia,CON - Curso concluído,2008/1,2.0,2019-04-11,2.0,6.9342,meier,RIO DE JANEIRO,Rio de Janeiro,2018.2,2018.0,2016.2,2016.0,,Ampla Concorrência,Concluído,7.0,0.0,12.84
F,,SISU Ampla Concorrencia,Sem evasão,2008/1,2.0,,,7.4491,recreio dos bandeirantes,RIO DE JANEIRO,Rio de Janeiro,,,2016.2,2016.0,,Ampla Concorrência,Cursando,7.5,,31.12
M,,SISU Ampla Concorrencia,Sem evasão,2008/1,1.0,,,8.7275,laranjeiras,RIO DE JANEIRO,Rio de Janeiro,,,2018.1,2018.0,,Ampla Concorrência,Cursando,8.5,,2.99
M,,SISU Escola Publica - Indep. de Renda,Sem evasão,2008/1,2.0,,,5.25,barra da tijuca,RIO DE JANEIRO,Rio de Janeiro,,,2022.2,2022.0,,Cotas,Cursando,5.0,,20.93
M,,SISU Escola Publica - Indep. de Renda,ABA - Abandono do curso,2008/1,1.0,2018-10-18,2.0,0.0363,urca,RIO DE JANEIRO,Rio de Janeiro,2018.2,2018.0,2018.1,2018.0,,Cotas,Evasão,0.0,,0.0
M,,SISU Escola Publica - Indep. de Renda,CON - Curso concluído,2008/1,2.0,2019-09-04,1.0,7.793,maracana,RIO DE JANEIRO,Rio de Janeiro,2019.1,2019.0,2014.2,2014.0,,Cotas,Concluído,8.0,0.0,7.97
M,,SISU Ampla Concorrencia,Sem evasão,2008/1,1.0,,,7.3819,copacabana,RIO DE JANEIRO,Rio de Janeiro,,,2018.1,2018.0,,Ampla Concorrência,Cursando,7.5,,2.59
M,,SISU Escola Publica - Indep. de Renda,CAN - Cancelamento Geral do curso,2008/1,2.0,2015-10-22,2.0,0.0,jacarepagua,RIO DE JANEIRO,Rio de Janeiro,2015.2,2015.0,2014.2,2014.0,,Cotas,Evasão,0.0,,20.9
M,,SISU Ampla Concorrencia,Sem evasão,2008/1,1.0,,,4.8405,taquara,RIO DE JANEIRO,Rio de Janeiro,,,2015.1,2015.0,,Ampla Concorrência,Cursando,5.0,,22.51
M,2000-01-11,SISU Escola Publica - Indep. de Renda,Sem evasão,2008/1,1.0,,,8.6522,riachuelo,RIO DE JANEIRO,Rio de Janeiro,,,2021.1,2021.0,20.0,Cotas,Cursando,8.5,,10.6
M,2002-07-11,SISU Ampla Concorrencia,Sem evasão,2008/1,2.0,,,8.4227,bento ribeiro,RIO DE JANEIRO,Rio de Janeiro,,,2022.2,2022.0,19.0,Ampla Concorrência,Cursando,8.5,,22.03
F,1996-12-04,SISU Escola Publica - Indep. de Renda,CON - Curso concluído,2008/1,1.0,2020-10-02,2.0,7.9872,recreio dos bandeirantes,RIO DE JANEIRO,Rio de Janeiro,2019.2,2019.0,2015.1,2015.0,18.0,Cotas,Concluído,8.0,0.0,31.12
M,2001-06-05,SISU Ampla Concorrencia,Sem evasão,2008/1,2.0,,,7.5035,ipanema,RIO DE JANEIRO,Rio de Janeiro,,,2019.2,2019.0,18.0,Ampla Concorrência,Cursando,7.5,,4.83
M,1999-04-08,SISU Ampla Concorrencia,Sem evasão,2008/1,2.0,,,6.49,iraja,RIO DE JANEIRO,Rio de Janeiro,,,2019.2,2019.0,20.0,Ampla Concorrência,Cursando,6.5,,20.68
M,2003-08-10,SISU Ampla Concorrencia,Sem evasão,2008/1,2.0,,,7.24,humaita,RIO DE JANEIRO,Rio de Janeiro,,,2022.2,2022.0,18.0,Ampla Concorrência,Cursando,7.0,,3.33
F,,SISU Escola Publica - Indep. de Renda,Sem evasão,2008/1,2.0,,,9.3591,alto da boa vista,RIO DE JANEIRO,Rio de Janeiro,,,2019.2,2019.0,,Cotas,Cursando,9.5,,8.82
F,,SISU Ampla Concorrencia,CON - Curso concluído,2008/1,2.0,2019-09-04,1.0,8.9902,pechincha,RIO DE JANEIRO,Rio de Janeiro,2019.1,2019.0,2014.2,2014.0,,Ampla Concorrência,Concluído,9.0,0.0,19.22
F,1994-09-02,SISU Ampla Concorrencia,CON - Curso concluído,2008/1,1.0,2020-10-02,2.0,7.911,copacabana,RIO DE JANEIRO,Rio de Janeiro,2019.2,2019.0,2015.1,2015.0,20.0,Ampla Concorrência,Concluído,8.0,0.0,2.59
M,,SISU Escola Publica - Indep. de Renda,Sem evasão,2008/1,2.0,,,7.009,centro,RIO DE JANEIRO,Rio de Janeiro,,,2019.2,2019.0,,Cotas,Cursando,7.0,,23.57
M,,SISU Ampla Concorrencia,Sem evasão,2008/1,2.0,,,8.6948,caju,RIO DE JANEIRO,Rio de Janeiro,,,2017.2,2017.0,,Ampla Concorrência,Cursando,8.5,,9.84
M,,"SISU Escola Pública até 1,5 S.M Preto e Pardo",Sem evasão,2008/1,2.0,,,8.5429,guaratiba,RIO DE JANEIRO,Rio de Janeiro,,,2019.2,2019.0,,Cotas,Cursando,8.5,,42.95
M,,SISU Ampla Concorrencia,Sem evasão,2008/1,2.0,,,7.9003,vicente de carvalho,RIO DE JANEIRO,Rio de Janeiro,,,2017.2,2017.0,,Ampla Concorrência,Cursando,8.0,,18.58
M,,SISU Ampla Concorrencia,Sem evasão,2008/1,2.0,,,7.9578,sao bras,BELEM,Alagoas,,,2020.2,2020.0,,Ampla Concorrência,Cursando,8.0,,
M,1992-11-09,SISU Ampla Concorrencia,JUB - Jubilamento,2008/1,1.0,2017-06-12,1.0,0.0,jardim botanico,BRASILIA,Distrito Federal,2017.1,2017.0,2016.1,2016.0,23.0,Ampla Concorrência,Evasão,0.0,,5.78
M,,SISU Ampla Concorrencia,CON - Curso concluído,2008/1,2.0,2020-10-02,2.0,7.1452,bras de pina,RIO DE JANEIRO,Rio de Janeiro,2019.2,2019.0,2014.2,2014.0,,Ampla Concorrência,Concluído,7.0,0.0,18.98
M,1994-08-07,SISU Ampla Concorrencia,CAN - Cancelamento Geral do curso,2008/1,1.0,2022-11-29,2.0,5.2443,copacabana,RIO DE JANEIRO,Rio de Janeiro,2022.2,2022.0,2014.1,2014.0,19.0,Ampla Concorrência,Evasão,5.0,,2.59
M,,SISU Ampla Concorrencia,Sem evasão,2008/1,1.0,,,8.2173,copacabana,RIO DE JANEIRO,Rio de Janeiro,,,2016.1,2016.0,,Ampla Concorrência,Cursando,8.0,,2.59
M,2000-07-09,SISU Escola Publica - Indep. de Renda,Sem evasão,2008/1,2.0,,,7.9007,iraja,RIO DE JANEIRO,Rio de Janeiro,,,2019.2,2019.0,18.0,Cotas,Cursando,8.0,,20.68
M,1988-05-07,SISU Ampla Concorrencia,CAN - Cancelamento Geral do curso,2008/1,2.0,2018-06-26,1.0,6.2,realengo,RIO DE JANEIRO,Rio de Janeiro,2018.1,2018.0,2017.2,2017.0,29.0,Ampla Concorrência,Evasão,6.0,,28.2
M,,SISU Ampla Concorrencia,Sem evasão,2008/1,2.0,,,6.355,desconhecido,RIO DE JANEIRO,Rio de Janeiro,,,2017.2,2017.0,,Ampla Concorrência,Cursando,6.5,,14.68
F,1982-06-04,"SISU Escola Pública até 1,5 S.M Preto e Pardo",Sem evasão,2008/1,1.0,,,7.9226,itanhanga,RIO DE JANEIRO,Rio de Janeiro,,,2016.1,2016.0,33.0,Cotas,Cursando,8.0,,14.51
M,,SISU Ampla Concorrencia,CON - Curso concluído,2008/1,2.0,2018-09-17,1.0,6.9426,centro,RIO DE JANEIRO,Rio de Janeiro,2018.1,2018.0,2014.2,2014.0,,Ampla Concorrência,Concluído,7.0,0.0,23.57
M,,SISU Escola Publica - Indep. de Renda,CON - Curso concluído,2008/1,1.0,2020-10-02,2.0,8.1568,cascadura,RIO DE JANEIRO,Rio de Janeiro,2019.2,2019.0,2016.1,2016.0,,Cotas,Concluído,8.0,0.0,18.19
M,1993-05-11,SISU Ampla Concorrencia,Sem evasão,2008/1,1.0,,,6.0687,centro,RIO DE JANEIRO,Rio de Janeiro,,,2015.1,2015.0,21.0,Ampla Concorrência,Cursando,6.0,,23.57
M,,SISU Escola Publica - Indep. de Renda,Sem evasão,2008/1,1.0,,,7.4543,santa rosa,NITEROI,Rio de Janeiro,,,2019.1,2019.0,,Cotas,Cursando,7.5,,9.59
M,,SISU Ampla Concorrencia,Sem evasão,2008/1,2.0,,,7.059,humaita,RIO DE JANEIRO,Rio de Janeiro,,,2015.2,2015.0,,Ampla Concorrência,Cursando,7.0,,3.33
M,1985-02-05,SISU Ampla Concorrencia,ABA - Abandono do curso,2008/1,2.0,2019-05-20,1.0,0.0,tijuca,RIO DE JANEIRO,Rio de Janeiro,2019.1,2019.0,2018.2,2018.0,33.0,Ampla Concorrência,Evasão,0.0,,7.39
M,,SISU Ampla Concorrencia,Sem evasão,2008/1,2.0,,,0.1153,realengo,RIO DE JANEIRO,Rio de Janeiro,,,2018.2,2018.0,,Ampla Concorrência,Cursando,0.0,,28.2
M,,SISU Ampla Concorrencia,CON - Curso concluído,2008/1,2.0,2022-04-12,1.0,6.7208,tijuca,RIO DE JANEIRO,Rio de Janeiro,2021.1,2021.0,2015.2,2015.0,,Ampla Concorrência,Concluído,6.5,0.0,7.39
M,2002-07-07,SISU Ampla Concorrencia,Sem evasão,2008/1,1.0,,,8.8198,maracana,RIO DE JANEIRO,Rio de Janeiro,,,2020.1,2020.0,17.0,Ampla Concorrência,Cursando,9.0,,7.97
M,2003-05-01,SISU Escola Publica - Indep. de Renda,Sem evasão,2008/1,1.0,,,5.8631,sao cristovao,RIO DE JANEIRO,Rio de Janeiro,,,2021.1,2021.0,17.0,Cotas,Cursando,6.0,,8.21
M,1997-07-10,SISU Ampla Concorrencia,Sem evasão,2008/1,1.0,,,0.0,urca,RIO DE JANEIRO,Rio de Janeiro,,,2020.1,2020.0,22.0,Ampla Concorrência,Cursando,0.0,,0.0
F,1995-11-12,SISU Ampla Concorrencia,CON - Curso concluído,2008/1,1.0,2022-03-22,1.0,8.4802,botafogo,RIO DE JANEIRO,Rio de Janeiro,2021.1,2021.0,2014.1,2014.0,18.0,Ampla Concorrência,Concluído,8.5,0.0,1.37
F,,SISU Ampla Concorrencia,Sem evasão,2008/1,2.0,,,9.5973,tijuca,RIO DE JANEIRO,Rio de Janeiro,,,2019.2,2019.0,,Ampla Concorrência,Cursando,9.5,,7.39
M,,"SISU Escola Pública até 1,5 S.M Preto e Pardo",CON - Curso concluído,2008/1,2.0,2022-06-24,2.0,8.5459,santa teresa,RIO DE JANEIRO,Rio de Janeiro,2021.2,2021.0,2016.2,2016.0,,Cotas,Concluído,8.5,0.0,4.05
M,1995-09-08,SISU Escola Publica - Indep. de Renda,CAN - Cancelamento Geral do curso,2008/1,2.0,2022-06-23,1.0,0.0,barra da tijuca,RIO DE JANEIRO,Rio de Janeiro,2022.1,2022.0,2021.2,2021.0,25.0,Cotas,Evasão,0.0,,20.93
M,,SISU Ampla Concorrencia,Sem evasão,2008/1,2.0,,,7.176,bras de pina,RIO DE JANEIRO,Rio de Janeiro,,,2018.2,2018.0,,Ampla Concorrência,Cursando,7.0,,18.98
M,,SISU Escola Publica - Indep. de Renda,Sem evasão,2008/1,1.0,,,7.6221,tijuca,RIO DE JANEIRO,Rio de Janeiro,,,2017.1,2017.0,,Cotas,Cursando,7.5,,7.39
M,,SISU Ampla Concorrencia,Sem evasão,2008/1,1.0,,,8.1681,todos os santos,RIO DE JANEIRO,Rio de Janeiro,,,2020.1,2020.0,,Ampla Concorrência,Cursando,8.0,,13.7
